date,open,high,low,close,volume
2015-01-05,2041.2,2060.9,2036.4,2043.2,330796
2015-01-06,2078.3,2099.6,2041.5,2072.4,899612
2015-01-07,2085.8,2110.5,2088.9,2091.8,1440105
2015-01-08,2102.6,2119.1,2096.1,2101.8,610760
2015-01-09,2106.3,2111.8,2080.7,2106.9,372845
2015-01-12,2027.2,2049.5,1998.6,2024.3,756909
2015-01-13,2022.2,2035.8,1992.6,2014.3,839703
2015-01-14,2042.6,2051.9,2034.3,2038.2,1012464
2015-01-15,2015.4,2029.7,2014.9,2023.2,633566
2015-01-16,2063.3,2086.7,2051.2,2057.2,998787
2015-01-19,2033.3,2043.7,2009.8,2039.8,1405816
2015-01-20,2015.7,2043.4,2012.6,2021.9,911080
2015-01-21,2024.7,2043.2,2003.6,2024.8,551609
2015-01-22,2010.6,2033.9,1982.8,2007.4,1307372
2015-01-23,2033.6,2035.0,2014.7,2031.2,1485384
2015-01-26,2024.0,2043.9,2029.4,2030.8,1290869
2015-01-27,2029.7,2038.3,2021.4,2033.2,887866
2015-01-28,2049.5,2055.1,2039.3,2049.0,616914
2015-01-29,2090.7,2111.4,2079.6,2091.1,605792
2015-01-30,2077.3,2099.1,2062.9,2081.8,755798
2015-02-02,2128.1,2128.0,2091.2,2120.5,985629
2015-02-03,2133.4,2141.5,2116.1,2133.4,1442694
2015-02-04,2133.2,2158.2,2122.2,2132.1,1122524
2015-02-05,2099.1,2105.7,2067.2,2091.2,345939
2015-02-06,2080.3,2101.0,2060.0,2080.9,605740
2015-02-09,2060.0,2057.3,2030.2,2056.2,1384931
2015-02-10,2035.3,2063.8,2003.4,2033.4,1241823
2015-02-11,1968.0,1982.3,1956.8,1964.2,328881
2015-02-12,1955.9,1965.1,1937.9,1954.8,336754
2015-02-13,1916.2,1924.2,1918.2,1922.2,607683
2015-02-16,1883.0,1892.6,1853.0,1880.5,1018341
2015-02-17,1874.3,1876.4,1842.9,1868.6,966132
2015-02-18,1863.4,1885.2,1860.9,1868.7,580089
2015-02-19,1838.7,1848.8,1815.2,1836.6,1292761
2015-02-20,1825.1,1833.4,1812.1,1821.8,927805
2015-02-23,1820.6,1821.4,1792.1,1813.9,1254529
2015-02-24,1824.4,1837.6,1807.4,1821.5,310189
2015-02-25,1853.7,1878.5,1849.1,1855.4,1468628
2015-02-26,1837.3,1839.5,1822.5,1836.2,1414663
2015-02-27,1871.7,1890.6,1840.6,1867.7,442641
2015-03-02,1884.3,1903.4,1854.3,1878.9,409674
2015-03-03,1907.8,1919.6,1885.4,1901.9,1214311
2015-03-04,1882.3,1904.4,1875.6,1882.3,1014746
2015-03-05,1914.0,1921.6,1905.5,1909.5,1122176
2015-03-06,1923.3,1918.6,1892.5,1915.9,779501
2015-03-09,1939.3,1946.1,1918.5,1943.0,838304
2015-03-10,1919.7,1944.7,1915.3,1923.9,1452925
2015-03-11,1941.5,1969.7,1939.2,1944.5,694391
2015-03-12,1953.3,1962.4,1947.5,1948.9,824116
2015-03-13,1966.4,1983.2,1960.0,1962.7,632474
2015-03-16,1999.3,2015.0,1992.4,1994.2,515763
2015-03-17,1998.1,1995.8,1978.9,1990.5,1211493
2015-03-18,1946.4,1974.2,1947.5,1953.3,911614
2015-03-19,1986.5,1987.4,1969.1,1980.5,1000970
2015-03-20,2027.0,2053.5,2004.5,2024.6,1499174
2015-03-23,2030.3,2060.5,2020.3,2037.0,393046
2015-03-24,2054.2,2074.8,2031.3,2055.0,1208893
2015-03-25,2090.6,2106.2,2078.3,2094.4,564126
2015-03-26,2173.3,2198.6,2162.2,2173.8,831080
2015-03-27,2154.6,2176.3,2130.4,2158.7,1017382
2015-03-30,2094.3,2104.7,2083.3,2098.3,1491812
2015-03-31,2110.0,2136.0,2086.8,2104.5,637369
2015-04-01,2140.0,2158.1,2132.0,2139.2,669066
2015-04-02,2140.8,2139.8,2113.1,2135.8,1488001
2015-04-03,2117.1,2124.3,2093.0,2118.8,730345
2015-04-06,2130.1,2150.0,2118.9,2128.2,485127
2015-04-07,2193.9,2212.9,2182.2,2188.7,873035
2015-04-08,2182.1,2185.0,2179.5,2181.1,1174981
2015-04-09,2168.6,2184.8,2140.0,2172.3,1248740
2015-04-10,2220.9,2234.7,2214.1,2224.7,1349730
2015-04-13,2210.8,2240.3,2206.1,2218.4,352865
2015-04-14,2200.4,2217.4,2172.4,2202.3,1331385
2015-04-15,2151.6,2160.5,2138.6,2144.7,660672
2015-04-16,2136.2,2162.9,2140.4,2143.7,1255322
2015-04-17,2192.2,2217.6,2172.5,2193.8,591070
2015-04-20,2150.8,2181.7,2142.6,2156.6,384663
2015-04-21,2131.8,2136.5,2123.6,2125.6,379401
2015-04-22,2120.3,2152.8,2099.9,2124.5,986764
2015-04-23,2064.5,2084.8,2043.8,2065.2,540447
2015-04-24,2036.2,2066.9,2011.1,2039.3,403063
2015-04-27,2064.8,2090.5,2044.1,2063.2,702929
2015-04-28,2069.1,2095.9,2048.4,2071.7,843541
2015-04-29,2059.2,2064.1,2047.8,2053.3,896740
2015-04-30,2025.0,2028.2,2000.9,2017.6,737035
2015-05-01,2008.4,2027.2,1996.5,2008.4,474157
2015-05-04,1977.0,2003.4,1969.1,1974.0,1368668
2015-05-05,1954.0,1967.8,1938.4,1950.1,946293
2015-05-06,1910.4,1934.3,1908.0,1908.2,435635
2015-05-07,1920.7,1944.6,1897.9,1924.6,1316036
2015-05-08,1970.1,1973.3,1962.7,1966.6,852597
2015-05-11,1987.0,2018.6,1985.9,1989.7,1188708
2015-05-12,2003.7,2012.5,1976.8,2002.9,1037937
2015-05-13,2011.4,2030.4,2001.4,2017.7,841730
2015-05-14,2048.2,2046.2,2020.3,2044.2,412123
2015-05-15,2058.8,2074.4,2034.4,2059.5,934499
2015-05-18,2062.0,2093.5,2039.0,2064.9,1339433
2015-05-19,2061.2,2079.0,2048.3,2063.5,1239767
2015-05-20,2084.8,2119.8,2083.9,2088.7,1044288
2015-05-21,2052.3,2081.0,2051.3,2055.0,477748
2015-05-22,2020.5,2035.9,1998.4,2020.7,933445
2015-05-25,1995.1,2013.4,1981.3,1991.4,834201
2015-05-26,1962.7,1968.4,1929.9,1956.0,1055293
2015-05-27,1985.2,1994.3,1967.2,1989.2,643765
2015-05-28,1965.1,1969.5,1955.6,1967.7,527525
2015-05-29,1960.3,1962.6,1932.9,1953.6,1019761
2015-06-01,1943.2,1960.4,1915.6,1935.9,1064398
2015-06-02,1893.8,1904.6,1880.8,1895.5,911740
2015-06-03,1857.4,1878.9,1849.2,1858.1,1434868
2015-06-04,1823.0,1844.0,1818.1,1827.1,972012
2015-06-05,1822.1,1851.6,1806.1,1825.3,982830
2015-06-08,1813.0,1831.4,1785.2,1810.6,912403
2015-06-09,1820.7,1837.7,1814.7,1815.7,640713
2015-06-10,1781.9,1807.3,1777.6,1788.0,532510
2015-06-11,1752.4,1771.1,1731.7,1745.6,967692
2015-06-12,1761.8,1760.1,1736.7,1759.0,500677
2015-06-15,1770.0,1786.8,1756.6,1770.8,643752
2015-06-16,1815.0,1817.1,1803.4,1809.3,468961
2015-06-17,1832.6,1854.1,1823.3,1831.1,350866
2015-06-18,1857.7,1874.5,1838.2,1853.7,803336
2015-06-19,1869.9,1890.5,1863.8,1870.7,472534
2015-06-22,1923.5,1923.6,1912.6,1919.4,1310372
2015-06-23,1926.6,1941.4,1914.9,1922.2,542922
2015-06-24,1922.8,1920.3,1910.3,1917.1,1441659
2015-06-25,1890.3,1884.5,1855.5,1883.5,1476874
2015-06-26,1890.8,1904.8,1885.7,1894.0,757209
2015-06-29,1863.1,1865.7,1847.7,1861.7,1112021
2015-06-30,1830.8,1829.5,1809.6,1825.6,1129092
2015-07-01,1840.9,1844.7,1823.6,1843.2,1494257
2015-07-02,1876.6,1904.4,1869.9,1876.6,466559
2015-07-03,1883.2,1885.5,1878.6,1885.2,1037824
2015-07-06,1988.1,1995.7,1961.0,1987.0,443897
2015-07-07,2015.4,2023.2,1992.4,2020.9,1391247
2015-07-08,2003.2,2001.6,1972.3,1998.5,612275
2015-07-09,1991.0,2016.1,1968.6,1997.5,340396
2015-07-10,1984.0,2011.9,1982.2,1989.8,776813
2015-07-13,2005.5,2022.3,1998.9,2005.3,1179889
2015-07-14,1949.7,1965.6,1937.8,1942.3,1420144
2015-07-15,1950.1,1967.6,1935.2,1951.3,884117
2015-07-16,1918.9,1928.7,1911.3,1923.1,653710
2015-07-17,1939.6,1961.4,1940.2,1945.5,1309119
2015-07-20,1967.5,1982.5,1947.8,1970.0,878036
2015-07-21,1944.6,1958.6,1921.1,1949.2,356580
2015-07-22,1898.7,1907.5,1885.4,1899.7,1433247
2015-07-23,1917.7,1914.0,1895.2,1911.9,731169
2015-07-24,1879.7,1889.7,1849.5,1875.1,621062
2015-07-27,1893.1,1893.5,1866.0,1892.4,1022506
2015-07-28,1859.5,1869.2,1844.5,1856.5,779527
2015-07-29,1878.0,1891.4,1870.1,1871.1,1342972
2015-07-30,1852.4,1865.8,1841.0,1858.0,791731
2015-07-31,1832.8,1840.8,1821.8,1832.3,852643
2015-08-03,1861.8,1873.0,1845.3,1856.7,309754
2015-08-04,1831.2,1836.5,1813.8,1830.5,802571
2015-08-05,1819.1,1840.6,1822.2,1823.9,675104
2015-08-06,1856.3,1858.5,1838.7,1857.8,627679
2015-08-07,1838.6,1871.5,1821.6,1845.7,1016887
2015-08-10,1869.8,1877.5,1869.3,1876.4,1320521
2015-08-11,1880.2,1904.5,1870.2,1884.0,308955
2015-08-12,1859.4,1870.9,1842.1,1861.4,617142
2015-08-13,1853.8,1878.1,1837.1,1854.6,867300
2015-08-14,1869.4,1866.3,1834.6,1862.3,826302
2015-08-17,1876.6,1884.3,1869.6,1876.0,668922
2015-08-18,1873.2,1884.5,1849.0,1866.8,1233310
2015-08-19,1836.9,1854.3,1817.2,1829.6,573436
2015-08-20,1794.3,1818.6,1772.1,1798.3,1309717
2015-08-21,1755.9,1760.9,1751.5,1756.4,1228666
2015-08-24,1756.4,1766.7,1730.3,1751.8,460117
2015-08-25,1782.0,1793.9,1753.0,1775.0,741464
2015-08-26,1730.8,1740.3,1728.6,1736.1,737306
2015-08-27,1752.9,1773.6,1741.7,1755.3,895026
2015-08-28,1721.5,1726.7,1719.4,1721.4,1257056
2015-08-31,1723.4,1722.3,1713.2,1716.8,1193933
2015-09-01,1769.7,1781.7,1747.2,1764.4,943745
2015-09-02,1748.9,1758.4,1725.6,1744.6,1118178
2015-09-03,1747.4,1757.9,1749.2,1752.7,1338092
2015-09-04,1778.3,1791.7,1774.1,1777.1,1267432
2015-09-07,1786.2,1795.8,1761.2,1783.7,1498259
2015-09-08,1796.4,1796.2,1768.2,1794.4,376788
2015-09-09,1793.5,1798.3,1779.8,1798.3,1325560
2015-09-10,1750.8,1764.6,1736.1,1750.9,1085244
2015-09-11,1744.3,1766.8,1721.2,1747.3,1146024
2015-09-14,1775.8,1789.6,1757.5,1778.5,438168
2015-09-15,1744.0,1747.4,1732.3,1741.9,1279077
2015-09-16,1707.4,1724.3,1696.7,1709.3,1405001
2015-09-17,1695.8,1718.4,1681.1,1699.0,824574
2015-09-18,1672.7,1691.4,1667.4,1667.9,393436
2015-09-21,1692.6,1711.3,1676.7,1688.8,1199446
2015-09-22,1697.5,1702.3,1679.7,1691.4,841343
2015-09-23,1716.5,1737.6,1690.5,1713.7,1055207
2015-09-24,1722.3,1728.6,1716.0,1719.8,1267669
2015-09-25,1711.7,1715.4,1700.6,1714.9,707564
2015-09-28,1673.9,1680.8,1670.7,1678.1,1263575
2015-09-29,1685.5,1686.3,1669.3,1684.5,909395
2015-09-30,1674.1,1683.5,1652.8,1674.9,805060
2015-10-01,1706.3,1710.4,1691.3,1710.3,1498327
2015-10-02,1688.1,1708.4,1687.4,1690.1,968318
2015-10-05,1713.0,1729.7,1701.6,1712.0,950183
2015-10-06,1720.4,1750.4,1724.8,1727.1,1229076
2015-10-07,1699.1,1704.8,1675.4,1700.1,569533
2015-10-08,1707.3,1726.7,1693.8,1709.5,827170
2015-10-09,1745.0,1751.5,1721.3,1743.9,548603
2015-10-12,1736.0,1761.1,1734.9,1735.6,1177609
2015-10-13,1754.2,1766.6,1728.4,1753.8,625796
2015-10-14,1761.2,1768.2,1734.9,1755.0,609362
2015-10-15,1743.6,1761.5,1725.0,1740.9,375074
2015-10-16,1719.8,1744.9,1697.9,1720.7,613140
2015-10-19,1686.7,1690.3,1686.9,1688.3,457444
2015-10-20,1683.1,1693.3,1668.5,1686.9,1079411
2015-10-21,1682.5,1703.4,1670.7,1679.4,465812
2015-10-22,1688.5,1696.5,1670.3,1686.2,707890
2015-10-23,1712.1,1719.1,1695.4,1715.8,1294433
2015-10-26,1709.7,1714.9,1701.2,1704.1,1069779
2015-10-27,1701.5,1726.4,1686.6,1702.1,1064235
2015-10-28,1712.9,1728.2,1703.3,1708.3,1103976
2015-10-29,1715.7,1732.6,1707.7,1717.4,335245
2015-10-30,1723.9,1729.2,1702.4,1717.3,328530
2015-11-02,1709.8,1737.8,1705.0,1714.6,1437371
2015-11-03,1667.5,1673.3,1643.5,1667.5,548571
2015-11-04,1651.7,1655.6,1630.4,1653.7,1450802
2015-11-05,1649.7,1676.2,1637.8,1655.1,941983
2015-11-06,1653.8,1661.0,1636.3,1647.4,1467260
2015-11-09,1684.4,1693.2,1670.6,1684.0,904055
2015-11-10,1712.0,1728.3,1693.7,1708.0,1063366
2015-11-11,1691.5,1712.8,1690.2,1694.4,1332371
2015-11-12,1723.6,1744.7,1701.9,1719.9,1217364
2015-11-13,1714.4,1723.0,1693.1,1715.2,1333177
2015-11-16,1737.8,1748.2,1730.8,1734.8,800451
2015-11-17,1699.7,1699.6,1689.5,1698.1,830496
2015-11-18,1690.7,1700.1,1691.0,1692.6,873972
2015-11-19,1686.0,1692.2,1663.3,1680.2,659208
2015-11-20,1664.0,1681.1,1660.1,1664.8,1323723
2015-11-23,1672.3,1677.7,1666.1,1666.2,423386
2015-11-24,1668.7,1683.6,1657.3,1667.6,1062608
2015-11-25,1658.3,1682.2,1656.0,1660.3,701096
2015-11-26,1618.7,1632.9,1620.8,1624.1,1332912
2015-11-27,1608.9,1617.0,1592.3,1606.7,876950
2015-11-30,1589.9,1608.4,1582.1,1586.5,1139433
2015-12-01,1607.9,1632.7,1607.7,1610.6,983626
2015-12-02,1588.1,1603.6,1567.5,1586.7,544715
2015-12-03,1618.8,1623.7,1603.1,1616.9,633636
2015-12-04,1593.3,1609.3,1568.4,1589.5,1457655
2015-12-07,1605.8,1629.2,1604.9,1609.0,422573
2015-12-08,1602.9,1627.0,1592.8,1604.4,646703
2015-12-09,1592.6,1612.1,1592.8,1597.9,685087
2015-12-10,1616.9,1635.2,1606.3,1614.0,1208935
2015-12-11,1609.1,1627.8,1598.4,1611.3,1184859
2015-12-14,1618.6,1638.6,1600.5,1620.4,626226
2015-12-15,1627.9,1631.2,1609.7,1626.8,819794
2015-12-16,1621.7,1639.2,1610.4,1628.1,1439791
2015-12-17,1619.1,1646.3,1601.3,1625.5,323711
2015-12-18,1631.3,1643.6,1611.8,1626.9,874324
2015-12-21,1619.3,1641.0,1611.8,1624.3,445758
2015-12-22,1605.8,1609.2,1593.4,1609.2,1243007
2015-12-23,1592.3,1590.4,1582.6,1586.3,388816
2015-12-24,1579.6,1589.8,1567.9,1577.4,464626
2015-12-25,1576.4,1597.0,1578.1,1580.3,388140
2015-12-28,1603.1,1608.6,1587.2,1604.0,324038
2015-12-29,1588.7,1609.1,1592.8,1595.1,611476
2015-12-30,1609.2,1632.6,1594.8,1612.9,807261
2015-12-31,1596.6,1614.0,1581.0,1602.4,861922
2016-01-01,1613.3,1612.5,1606.7,1606.9,742413
2016-01-04,1597.1,1599.5,1584.9,1591.0,1064766
2016-01-05,1580.2,1587.8,1566.5,1578.4,1277765
2016-01-06,1593.6,1593.2,1573.2,1589.4,419563
2016-01-07,1575.0,1584.4,1565.0,1580.5,628150
2016-01-08,1560.3,1576.5,1540.3,1556.2,598691
2016-01-11,1599.1,1593.7,1574.4,1593.0,1220984
2016-01-12,1598.2,1606.8,1587.5,1592.3,673650
2016-01-13,1608.9,1614.5,1589.4,1607.9,1473150
2016-01-14,1629.2,1650.5,1612.7,1626.8,550338
2016-01-15,1629.7,1629.6,1610.0,1628.0,1129982
2016-01-18,1625.5,1645.3,1623.5,1626.1,1194562
2016-01-19,1571.1,1580.3,1554.9,1566.7,1397616
2016-01-20,1628.7,1644.3,1619.1,1622.6,1029038
2016-01-21,1629.2,1634.3,1623.2,1629.4,599948
2016-01-22,1622.8,1641.8,1618.9,1624.4,1383121
2016-01-25,1630.0,1635.6,1608.0,1628.2,791450
2016-01-26,1630.4,1645.5,1609.6,1628.2,576519
2016-01-27,1584.4,1589.7,1576.2,1583.9,1457099
2016-01-28,1557.0,1581.6,1555.9,1559.3,918247
2016-01-29,1586.1,1592.5,1578.4,1581.0,1130662
2016-02-01,1555.8,1564.7,1544.4,1555.4,402061
2016-02-02,1562.3,1567.3,1558.9,1566.5,462590
2016-02-03,1573.1,1583.6,1565.2,1567.6,1179622
2016-02-04,1542.9,1563.2,1536.5,1548.6,568778
2016-02-05,1535.9,1546.0,1518.4,1536.5,1192655
2016-02-08,1553.0,1555.7,1547.0,1548.2,391420
2016-02-09,1535.7,1541.9,1530.4,1534.2,445336
2016-02-10,1520.9,1527.7,1512.8,1518.7,703244
2016-02-11,1536.5,1552.0,1514.9,1532.2,898159
2016-02-12,1517.0,1532.3,1500.0,1514.4,1086335
2016-02-15,1510.1,1532.8,1497.4,1514.9,864551
2016-02-16,1514.7,1528.6,1506.5,1519.3,516835
2016-02-17,1552.0,1562.0,1546.7,1556.5,691454
2016-02-18,1550.8,1558.1,1551.7,1556.0,486737
2016-02-19,1585.5,1591.3,1575.9,1588.5,805155
2016-02-22,1580.0,1584.6,1570.2,1583.8,1494056
2016-02-23,1563.3,1582.5,1553.8,1566.5,1103596
2016-02-24,1522.5,1546.9,1518.0,1525.1,832590
2016-02-25,1541.3,1557.8,1527.9,1536.7,1376416
2016-02-26,1551.9,1555.1,1524.8,1547.6,1112555
2016-02-29,1561.5,1585.8,1550.6,1565.5,333980
2016-03-01,1583.3,1591.7,1572.4,1582.3,843324
2016-03-02,1566.2,1570.4,1565.2,1566.4,726641
2016-03-03,1584.2,1611.6,1577.2,1588.7,1109525
2016-03-04,1605.9,1612.3,1595.3,1603.5,735490
2016-03-07,1590.9,1610.5,1568.2,1588.5,1471746
2016-03-08,1590.6,1609.1,1573.3,1591.9,1315833
2016-03-09,1590.5,1591.0,1583.1,1584.7,523109
2016-03-10,1638.5,1648.8,1630.5,1632.2,674659
2016-03-11,1615.9,1642.5,1601.8,1621.5,1232940
2016-03-14,1593.0,1597.9,1581.6,1592.1,1363342
2016-03-15,1582.1,1594.0,1583.9,1586.7,1108811
2016-03-16,1606.4,1624.1,1606.2,1606.6,566822
2016-03-17,1596.9,1613.3,1593.9,1596.3,308180
2016-03-18,1580.2,1596.8,1555.9,1577.1,470527
2016-03-21,1564.9,1568.7,1561.0,1568.1,1130899
2016-03-22,1539.2,1559.4,1527.1,1537.2,1486275
2016-03-23,1566.5,1577.5,1547.7,1564.6,1423829
2016-03-24,1560.3,1563.2,1543.0,1560.0,1418411
2016-03-25,1556.2,1561.8,1544.5,1551.3,328811
2016-03-28,1514.7,1510.3,1503.4,1509.2,1151431
2016-03-29,1511.0,1524.6,1507.1,1511.3,305252
2016-03-30,1500.9,1501.2,1495.5,1500.4,940335
2016-03-31,1471.6,1491.4,1463.4,1469.8,458564
2016-04-01,1443.7,1442.9,1420.1,1441.5,484973
2016-04-04,1429.7,1448.8,1418.6,1434.8,505718
2016-04-05,1433.4,1450.1,1415.2,1430.4,669615
2016-04-06,1401.3,1416.8,1393.9,1402.1,1409155
2016-04-07,1402.5,1412.8,1385.8,1406.5,349014
2016-04-08,1413.1,1432.5,1406.0,1414.8,1010307
2016-04-11,1389.5,1397.2,1383.1,1387.4,1062200
2016-04-12,1402.9,1419.3,1387.7,1402.8,1293975
2016-04-13,1395.0,1406.6,1374.1,1393.9,455254
2016-04-14,1394.4,1394.8,1376.8,1391.1,1014819
2016-04-15,1404.2,1402.4,1392.8,1400.6,1094327
2016-04-18,1442.4,1467.2,1438.2,1446.2,517208
2016-04-19,1443.6,1450.4,1426.1,1443.8,450131
2016-04-20,1447.5,1457.3,1443.2,1448.8,1479675
2016-04-21,1445.9,1468.9,1435.3,1451.6,1335177
2016-04-22,1455.6,1454.0,1447.6,1453.0,1415240
2016-04-25,1455.9,1468.7,1434.1,1454.2,774983
2016-04-26,1457.7,1473.7,1450.3,1459.2,1058829
2016-04-27,1460.9,1471.7,1447.3,1455.1,794531
2016-04-28,1458.9,1472.3,1448.1,1461.6,1073067
2016-04-29,1451.8,1472.0,1441.1,1451.6,901199
2016-05-02,1472.6,1485.4,1467.7,1473.6,803670
2016-05-03,1504.3,1507.4,1485.7,1498.8,745428
2016-05-04,1549.6,1545.2,1532.3,1544.2,1315699
2016-05-05,1542.2,1563.8,1533.0,1541.6,940380
2016-05-06,1510.4,1529.6,1491.4,1510.9,841929
2016-05-09,1531.4,1556.7,1527.8,1536.3,1121820
2016-05-10,1529.7,1538.4,1505.2,1527.4,1074567
2016-05-11,1551.9,1558.7,1545.1,1551.5,629493
2016-05-12,1557.9,1578.1,1563.8,1564.0,1031589
2016-05-13,1547.5,1561.9,1532.2,1549.4,1491227
2016-05-16,1601.1,1606.9,1597.7,1598.3,1128929
2016-05-17,1586.4,1592.0,1590.1,1591.2,491027
2016-05-18,1535.9,1546.8,1518.1,1540.8,789785
2016-05-19,1510.2,1524.3,1501.0,1515.2,602396
2016-05-20,1546.2,1567.0,1533.6,1547.3,822276
2016-05-23,1572.7,1597.6,1563.6,1575.2,368150
2016-05-24,1574.8,1587.0,1571.6,1572.0,496715
2016-05-25,1599.0,1608.4,1569.4,1593.0,507956
2016-05-26,1624.7,1636.1,1618.5,1620.7,1153738
2016-05-27,1607.3,1611.9,1591.6,1600.9,1334865
2016-05-30,1613.4,1612.3,1593.3,1608.5,874545
2016-05-31,1633.5,1640.5,1622.8,1630.0,862072
2016-06-01,1655.3,1674.3,1629.6,1652.9,1044494
2016-06-02,1654.1,1675.8,1629.9,1651.1,1381165
2016-06-03,1648.6,1655.3,1634.7,1652.5,341314
2016-06-06,1700.8,1712.6,1696.7,1703.3,1393105
2016-06-07,1655.3,1664.0,1639.4,1659.2,1179171
2016-06-08,1700.1,1728.3,1702.7,1703.0,473193
2016-06-09,1706.4,1735.9,1698.3,1711.7,1139844
2016-06-10,1729.6,1742.2,1705.5,1729.8,551268
2016-06-13,1754.0,1781.7,1741.1,1759.4,1022259
2016-06-14,1753.2,1762.8,1727.1,1752.5,588394
2016-06-15,1745.9,1761.9,1736.6,1746.1,1441639
2016-06-16,1790.3,1816.2,1791.2,1793.8,1131277
2016-06-17,1784.5,1806.0,1760.9,1785.2,1009507
2016-06-20,1804.1,1828.5,1804.1,1807.0,725672
2016-06-21,1808.8,1815.6,1810.4,1815.6,1025800
2016-06-22,1823.4,1835.5,1793.2,1818.7,1270015
2016-06-23,1878.7,1896.8,1852.9,1872.4,314340
2016-06-24,1885.2,1893.5,1871.0,1891.7,1290549
2016-06-27,1912.4,1932.4,1890.6,1918.8,1332924
2016-06-28,1887.5,1907.7,1881.3,1883.7,819181
2016-06-29,1906.8,1908.9,1879.6,1903.0,989258
2016-06-30,1866.8,1888.4,1845.8,1871.4,1055319
2016-07-01,1884.5,1901.7,1866.4,1891.8,1094016
2016-07-04,1870.1,1891.9,1847.3,1873.5,1492952
2016-07-05,1858.6,1876.3,1839.6,1864.3,482245
2016-07-06,1900.3,1899.6,1873.8,1896.5,1094205
2016-07-07,1847.1,1866.6,1842.7,1851.2,734390
2016-07-08,1920.5,1921.8,1912.1,1920.3,790636
2016-07-11,1929.0,1936.3,1919.3,1933.8,1328173
2016-07-12,1935.6,1959.5,1929.4,1932.5,1293514
2016-07-13,1968.9,1975.2,1948.8,1965.9,1152579
2016-07-14,1937.5,1941.2,1922.8,1930.9,1294330
2016-07-15,1913.9,1915.4,1904.4,1911.3,815211
2016-07-18,1946.5,1967.5,1938.5,1938.9,1436795
2016-07-19,1926.3,1958.5,1912.6,1933.5,474241
2016-07-20,1947.8,1948.2,1924.9,1944.9,541572
2016-07-21,1948.0,1955.0,1929.0,1941.3,1426231
2016-07-22,1945.4,1947.6,1932.4,1941.0,864993
2016-07-25,1953.4,1965.4,1934.5,1958.1,781061
2016-07-26,2014.7,2038.2,2006.1,2019.9,1073006
2016-07-27,2049.6,2059.6,2024.5,2046.1,1255213
2016-07-28,2084.9,2102.5,2054.7,2080.8,311610
2016-07-29,2152.6,2156.9,2142.9,2149.1,814665
2016-08-01,2166.1,2195.0,2144.8,2165.1,1055027
2016-08-02,2140.8,2161.2,2127.1,2142.9,398650
2016-08-03,2163.6,2169.3,2152.9,2166.2,1112854
2016-08-04,2215.1,2224.1,2195.5,2217.5,1055518
2016-08-05,2227.5,2249.4,2212.3,2229.6,1477448
2016-08-08,2208.4,2212.2,2199.8,2204.5,521959
2016-08-09,2221.1,2257.8,2198.7,2225.1,592802
2016-08-10,2190.6,2190.3,2180.3,2187.1,776836
2016-08-11,2189.9,2219.9,2186.3,2194.3,1126149
2016-08-12,2204.9,2221.5,2207.1,2207.2,1200880
2016-08-15,2220.7,2229.1,2208.1,2213.6,423553
2016-08-16,2234.0,2247.4,2202.5,2228.1,1473490
2016-08-17,2249.7,2249.1,2230.2,2248.4,930735
2016-08-18,2219.3,2236.3,2207.1,2215.7,1437891
2016-08-19,2262.6,2274.8,2227.4,2257.5,360383
2016-08-22,2255.7,2249.5,2224.1,2247.7,1065911
2016-08-23,2272.0,2293.9,2243.6,2274.4,887195
2016-08-24,2340.1,2364.2,2322.3,2342.4,353606
2016-08-25,2371.2,2403.5,2358.0,2375.6,1351905
2016-08-26,2435.0,2470.8,2433.6,2438.3,479001
2016-08-29,2547.8,2565.8,2553.7,2555.4,355553
2016-08-30,2591.1,2615.6,2572.0,2593.6,653187
2016-08-31,2628.1,2638.3,2632.7,2636.0,1225223
2016-09-01,2641.4,2677.8,2651.3,2652.0,996033
2016-09-02,2646.4,2680.3,2615.9,2641.5,532530
2016-09-05,2623.8,2656.4,2617.8,2620.1,467747
2016-09-06,2698.9,2712.0,2664.4,2704.0,946086
2016-09-07,2702.1,2710.9,2689.5,2695.2,787561
2016-09-08,2667.9,2692.9,2651.1,2668.7,699198
2016-09-09,2720.8,2747.3,2713.1,2723.2,1170758
2016-09-12,2765.4,2794.1,2736.2,2765.4,1054051
2016-09-13,2783.2,2789.8,2754.3,2788.6,1415326
2016-09-14,2790.2,2827.7,2775.0,2800.4,1443632
2016-09-15,2793.8,2793.5,2770.8,2792.5,1169457
2016-09-16,2795.2,2829.3,2785.5,2797.7,1472630
2016-09-19,2761.4,2789.9,2737.5,2757.9,311163
2016-09-20,2764.2,2773.4,2739.8,2758.8,458575
2016-09-21,2782.0,2802.0,2773.9,2782.8,871250
2016-09-22,2756.4,2805.1,2728.2,2764.7,1094456
2016-09-23,2764.4,2798.6,2770.3,2772.9,430903
2016-09-26,2779.3,2793.6,2758.0,2777.8,1314085
2016-09-27,2747.5,2755.4,2741.8,2747.7,825123
2016-09-28,2814.4,2838.4,2787.6,2814.4,741431
2016-09-29,2739.0,2767.5,2726.8,2731.3,1083284
2016-09-30,2645.3,2648.3,2621.2,2645.0,405199
2016-10-03,2583.0,2614.5,2544.6,2580.8,1438043
2016-10-04,2529.0,2525.5,2482.9,2520.4,1099888
2016-10-05,2474.9,2512.0,2448.0,2480.9,1133857
2016-10-06,2521.6,2526.8,2480.3,2514.8,1274584
2016-10-07,2559.4,2599.7,2555.8,2562.9,666368
2016-10-10,2568.2,2568.9,2560.7,2567.8,430742
2016-10-11,2541.8,2562.8,2544.7,2548.6,1383888
2016-10-12,2560.2,2592.7,2539.8,2561.4,1110195
2016-10-13,2483.0,2491.7,2471.0,2486.9,482251
2016-10-14,2503.6,2518.6,2504.6,2508.8,454653
2016-10-17,2531.4,2559.9,2509.2,2531.4,1324269
2016-10-18,2525.0,2534.0,2527.9,2528.6,1017933
2016-10-19,2474.9,2506.6,2441.9,2475.5,515048
2016-10-20,2476.9,2521.1,2465.8,2484.6,1212176
2016-10-21,2477.6,2495.1,2454.5,2480.1,1064420
2016-10-24,2479.6,2476.9,2444.7,2469.8,469297
2016-10-25,2482.8,2511.0,2472.5,2479.0,467723
2016-10-26,2507.2,2526.3,2491.8,2507.6,498919
2016-10-27,2484.1,2511.7,2461.9,2482.1,1236201
2016-10-28,2521.0,2538.2,2501.0,2528.4,1124044
2016-10-31,2567.1,2613.7,2556.4,2575.7,508255
2016-11-01,2608.1,2646.2,2610.4,2610.9,1475703
2016-11-02,2615.2,2630.3,2611.5,2616.9,872812
2016-11-03,2570.7,2604.6,2565.2,2578.9,827846
2016-11-04,2571.1,2591.8,2562.8,2565.8,836043
2016-11-07,2545.2,2546.4,2512.9,2538.3,853713
2016-11-08,2512.7,2521.8,2499.7,2505.6,462702
2016-11-09,2581.2,2614.3,2566.6,2577.1,584942
2016-11-10,2629.3,2669.2,2631.9,2634.1,423314
2016-11-11,2678.8,2683.2,2662.9,2678.9,854657
2016-11-14,2712.5,2727.8,2681.3,2710.1,578478
2016-11-15,2707.7,2727.7,2678.9,2700.0,505797
2016-11-16,2658.2,2692.5,2642.4,2657.9,931528
2016-11-17,2675.7,2674.0,2641.8,2665.7,545921
2016-11-18,2634.7,2667.3,2602.5,2633.4,880805
2016-11-21,2566.9,2593.1,2543.5,2567.6,329757
2016-11-22,2536.6,2544.0,2523.5,2541.6,1402785
2016-11-23,2582.4,2617.9,2579.4,2582.0,1350727
2016-11-24,2642.6,2656.2,2613.2,2636.6,697319
2016-11-25,2547.9,2588.2,2551.9,2553.6,922710
2016-11-28,2547.5,2557.3,2529.4,2553.8,526230
2016-11-29,2577.8,2608.5,2559.2,2574.2,333288
2016-11-30,2585.9,2619.5,2566.7,2592.9,1176526
2016-12-01,2657.3,2657.5,2619.1,2656.0,749732
2016-12-02,2611.8,2639.1,2594.3,2610.1,479462
2016-12-05,2692.5,2718.8,2659.5,2683.0,1258964
2016-12-06,2690.4,2713.8,2655.8,2689.7,616717
2016-12-07,2637.6,2647.2,2626.5,2634.1,522756
2016-12-08,2665.0,2669.1,2642.9,2666.3,344936
2016-12-09,2678.6,2695.0,2672.7,2676.6,1429419
2016-12-12,2724.0,2750.9,2688.0,2725.5,969867
2016-12-13,2769.3,2779.3,2731.1,2769.2,423217
2016-12-14,2739.8,2766.9,2736.5,2744.4,701373
2016-12-15,2720.7,2759.3,2717.6,2721.4,1092776
2016-12-16,2744.6,2779.2,2735.0,2747.5,320543
2016-12-19,2791.5,2805.3,2780.2,2782.0,699717
2016-12-20,2724.8,2735.7,2719.1,2725.1,1390166
2016-12-21,2790.8,2786.7,2778.9,2782.1,628777
2016-12-22,2709.6,2713.1,2691.3,2706.0,1339813
2016-12-23,2696.6,2691.8,2672.8,2688.3,840673
2016-12-26,2673.1,2689.4,2648.8,2681.7,856782
2016-12-27,2694.3,2712.9,2659.8,2691.3,1108934
2016-12-28,2681.7,2699.6,2650.0,2673.2,914148
2016-12-29,2702.3,2736.4,2660.9,2699.5,921981
2016-12-30,2696.9,2722.3,2686.0,2700.0,667175
2017-01-02,2736.8,2735.7,2709.3,2727.2,1031687
2017-01-03,2793.7,2799.4,2761.7,2785.9,549334
2017-01-04,2793.1,2812.4,2777.9,2803.1,329668
2017-01-05,2817.0,2821.1,2779.4,2814.1,799186
2017-01-06,2790.9,2830.5,2777.1,2789.1,1232564
2017-01-09,2698.6,2718.5,2670.6,2708.4,349370
2017-01-10,2717.1,2755.1,2688.1,2727.5,1057549
2017-01-11,2670.7,2718.9,2671.3,2680.6,1308953
2017-01-12,2657.3,2686.6,2648.7,2667.5,1169331
2017-01-13,2688.6,2689.1,2649.4,2680.5,570384
2017-01-16,2675.7,2682.7,2639.2,2669.1,1179883
2017-01-17,2692.3,2708.3,2681.2,2691.3,772316
2017-01-18,2669.5,2686.8,2659.8,2666.4,982154
2017-01-19,2584.4,2610.5,2580.7,2590.3,1149531
2017-01-20,2585.5,2592.3,2572.8,2583.2,1299029
2017-01-23,2561.8,2568.9,2526.3,2558.3,1101224
2017-01-24,2562.3,2559.2,2548.7,2552.2,928752
2017-01-25,2560.8,2588.9,2528.2,2556.6,408903
2017-01-26,2609.1,2631.6,2603.3,2618.0,1168104
2017-01-27,2596.5,2593.3,2567.7,2591.1,735139
2017-01-30,2571.8,2597.5,2567.9,2579.5,594552
2017-01-31,2578.8,2585.4,2542.2,2579.3,1334435
2017-02-01,2592.1,2595.4,2559.4,2583.5,888638
2017-02-02,2616.7,2644.0,2607.9,2611.3,1407446
2017-02-03,2567.0,2590.4,2566.7,2577.3,1477851
2017-02-06,2625.5,2653.6,2593.0,2624.2,1429812
2017-02-07,2673.0,2693.0,2638.1,2670.8,683231
2017-02-08,2685.1,2682.4,2652.4,2682.1,886855
2017-02-09,2664.3,2677.0,2640.8,2655.1,949964
2017-02-10,2689.9,2693.4,2644.1,2684.2,945374
2017-02-13,2673.3,2686.2,2649.5,2681.9,443205
2017-02-14,2703.8,2712.3,2676.0,2707.8,493811
2017-02-15,2656.9,2699.6,2645.2,2664.7,390388
2017-02-16,2690.8,2726.5,2670.2,2698.4,682021
2017-02-17,2678.8,2710.5,2649.6,2675.5,1451269
2017-02-20,2668.0,2704.6,2640.8,2675.2,991899
2017-02-21,2698.4,2742.9,2694.1,2703.4,1096955
2017-02-22,2650.3,2694.2,2631.5,2659.6,1370122
2017-02-23,2673.8,2691.2,2668.3,2669.8,679167
2017-02-24,2700.6,2728.5,2689.6,2709.7,1254248
2017-02-27,2728.7,2770.4,2730.8,2736.7,1170986
2017-02-28,2759.4,2768.4,2727.6,2753.4,1023420
2017-03-01,2769.6,2806.7,2761.4,2765.5,460336
2017-03-02,2771.4,2817.6,2763.2,2779.6,904940
2017-03-03,2816.9,2848.1,2801.4,2820.4,577450
2017-03-06,2776.3,2814.7,2740.9,2774.3,1067938
2017-03-07,2812.0,2833.5,2799.7,2818.0,1137568
2017-03-08,2822.1,2851.2,2795.6,2817.3,935416
2017-03-09,2802.2,2833.4,2810.6,2811.1,1180122
2017-03-10,2732.2,2731.4,2726.9,2729.9,845886
2017-03-13,2742.3,2776.2,2731.0,2752.7,685658
2017-03-14,2786.0,2794.2,2748.4,2789.5,1095881
2017-03-15,2765.3,2792.0,2748.7,2775.3,551735
2017-03-16,2908.6,2935.6,2883.9,2897.4,894566
2017-03-17,2905.9,2936.2,2897.9,2916.8,1309065
2017-03-20,2893.5,2895.4,2848.3,2883.1,1261712
2017-03-21,2828.1,2870.8,2807.1,2836.2,1159137
2017-03-22,2888.8,2894.2,2846.6,2881.7,600279
2017-03-23,2843.1,2859.1,2806.3,2840.8,1414569
2017-03-24,2833.1,2847.6,2809.9,2826.7,774861
2017-03-27,2864.6,2865.8,2820.3,2861.6,1323451
2017-03-28,2898.7,2901.8,2877.9,2898.7,1027233
2017-03-29,2873.3,2903.6,2856.9,2866.8,558923
2017-03-30,2962.9,2999.2,2914.3,2955.2,560266
2017-03-31,2893.8,2911.3,2860.5,2903.8,355228
2017-04-03,2878.4,2901.1,2836.9,2872.2,921445
2017-04-04,2896.1,2926.3,2858.7,2894.5,571514
2017-04-05,2916.0,2930.0,2888.5,2908.7,817252
2017-04-06,2979.5,3021.9,2957.8,2981.8,1064604
2017-04-07,2917.0,2961.4,2891.7,2924.4,1489651
2017-04-10,2860.9,2871.4,2855.6,2865.6,452016
2017-04-11,2843.7,2863.1,2795.4,2836.3,1485942
2017-04-12,2832.8,2882.7,2822.1,2841.6,1246455
2017-04-13,2913.6,2936.9,2910.0,2919.5,753212
2017-04-14,2946.5,2964.6,2919.0,2957.2,643047
2017-04-17,2939.7,2964.7,2941.9,2942.8,688660
2017-04-18,2983.9,3003.9,2946.0,2985.9,540555
2017-04-19,2966.4,3021.2,2947.3,2976.7,1477018
2017-04-20,2939.7,2967.0,2926.7,2947.6,1077827
2017-04-21,2943.3,2961.7,2931.1,2952.4,746339
2017-04-24,3013.3,3038.4,2979.1,3011.6,1066733
2017-04-25,3114.4,3113.8,3102.1,3112.1,1473395
2017-04-26,3185.5,3185.6,3175.3,3178.2,1402832
2017-04-27,3198.6,3235.3,3167.7,3208.4,1369927
2017-04-28,3186.0,3236.4,3176.2,3194.6,635026
2017-05-01,3335.8,3366.6,3298.6,3339.4,1081013
2017-05-02,3338.0,3375.7,3335.6,3338.8,975450
2017-05-03,3400.5,3432.8,3371.7,3395.5,426792
2017-05-04,3420.5,3455.3,3369.4,3419.5,1330839
2017-05-05,3360.5,3359.1,3347.4,3349.3,1418791
2017-05-08,3310.8,3302.1,3258.3,3301.3,1036640
2017-05-09,3268.3,3266.5,3233.9,3263.5,1082128
2017-05-10,3189.3,3214.1,3164.1,3196.1,1075099
2017-05-11,3182.6,3196.1,3140.6,3179.0,614803
2017-05-12,3181.7,3230.8,3152.8,3183.1,658587
2017-05-15,3178.7,3219.0,3165.4,3177.1,1315366
2017-05-16,3163.0,3178.1,3141.5,3161.9,559410
2017-05-17,3146.2,3161.4,3110.3,3151.5,1210184
2017-05-18,3108.2,3119.9,3091.0,3112.1,867355
2017-05-19,3162.6,3174.1,3118.5,3154.9,611573
2017-05-22,3133.6,3145.5,3140.4,3145.0,356214
2017-05-23,3197.3,3253.6,3203.0,3209.9,1138037
2017-05-24,3108.5,3134.3,3080.8,3116.5,1340549
2017-05-25,3065.4,3110.0,3058.0,3077.4,1027864
2017-05-26,3028.3,3042.3,3001.1,3033.4,1403941
2017-05-29,2964.3,2991.3,2919.1,2954.3,677339
2017-05-30,2905.1,2929.8,2909.8,2916.5,479968
2017-05-31,2898.3,2928.4,2872.4,2897.5,1434806
2017-06-01,2898.1,2901.6,2890.0,2898.2,467171
2017-06-02,2892.5,2935.9,2887.6,2896.7,1381848
2017-06-05,2991.0,3014.4,2977.1,2995.5,1259259
2017-06-06,2987.0,2996.8,2945.2,2982.7,532823
2017-06-07,2985.1,3022.7,2975.4,2989.7,971786
2017-06-08,3013.7,3058.8,2984.5,3017.2,584008
2017-06-09,3001.7,3040.1,2971.6,3013.1,1246578
2017-06-12,3009.9,3033.9,2968.7,3011.4,1443605
2017-06-13,3010.2,3018.1,3004.2,3006.2,815130
2017-06-14,3001.1,3005.1,2996.3,3004.7,673856
2017-06-15,2989.6,2994.7,2968.7,2984.9,402246
2017-06-16,3075.0,3092.8,3044.7,3067.2,1076513
2017-06-19,3050.5,3065.7,3043.5,3046.8,351161
2017-06-20,3054.3,3055.8,3035.4,3050.8,752927
2017-06-21,2955.3,2991.1,2919.7,2952.4,1451398
2017-06-22,3073.7,3084.5,3047.6,3067.6,1469985
2017-06-23,3085.1,3123.8,3048.1,3085.1,550610
2017-06-26,3146.7,3159.0,3087.9,3134.6,663163
2017-06-27,3117.4,3156.3,3095.5,3127.2,431650
2017-06-28,3151.2,3185.8,3129.7,3152.0,1107940
2017-06-29,3143.5,3181.8,3116.3,3141.4,936137
2017-06-30,3049.2,3072.2,3046.8,3048.3,590816
2017-07-03,3094.9,3125.2,3084.1,3088.1,1015746
2017-07-04,3032.4,3062.1,3022.8,3030.2,1011191
2017-07-05,3070.5,3108.6,3067.9,3070.1,892488
2017-07-06,2956.9,2961.6,2949.2,2959.2,1045356
2017-07-07,3027.2,3035.9,3012.3,3016.9,1009220
2017-07-10,3061.8,3067.3,3016.5,3058.6,403843
2017-07-11,3086.1,3094.5,3071.1,3091.7,751648
2017-07-12,3087.4,3103.2,3043.4,3082.5,813378
2017-07-13,3096.5,3089.6,3069.4,3085.7,1423051
2017-07-14,3082.4,3106.6,3055.7,3090.9,1154705
2017-07-17,3114.4,3127.3,3101.8,3115.7,1453002
2017-07-18,3114.6,3131.5,3115.6,3120.4,1287507
2017-07-19,3135.8,3152.5,3103.2,3128.0,921316
2017-07-20,3166.2,3175.6,3122.7,3166.9,593695
2017-07-21,3109.8,3136.5,3102.4,3110.4,378487
2017-07-24,3079.9,3072.1,3052.9,3071.2,370303
2017-07-25,3181.0,3207.3,3163.2,3176.6,843852
2017-07-26,3167.2,3170.6,3144.0,3157.7,303244
2017-07-27,3165.5,3163.0,3134.8,3153.1,1362750
2017-07-28,3113.5,3121.2,3085.3,3103.0,1153172
2017-07-31,3083.2,3092.9,3065.9,3085.3,403906
2017-08-01,3084.3,3102.6,3060.0,3084.6,884705
2017-08-02,3103.4,3139.7,3103.8,3110.5,478304
2017-08-03,3106.2,3136.7,3055.5,3093.9,570264
2017-08-04,3116.7,3157.9,3100.4,3120.1,1260796
2017-08-07,3179.1,3191.5,3166.2,3176.0,699758
2017-08-08,3130.2,3140.2,3088.0,3132.0,395687
2017-08-09,3038.3,3046.9,3022.3,3036.6,1227390
2017-08-10,3058.0,3072.4,3057.5,3069.3,1067565
2017-08-11,3082.0,3108.5,3049.7,3076.5,986816
2017-08-14,3060.3,3081.6,3047.7,3060.8,518611
2017-08-15,3063.6,3064.3,3027.9,3061.6,805919
2017-08-16,3064.1,3076.9,3029.0,3053.7,1193640
2017-08-17,3030.6,3059.6,3008.7,3021.1,552432
2017-08-18,2923.2,2931.8,2891.8,2926.3,1294129
2017-08-21,2906.0,2929.4,2881.5,2907.0,1041687
2017-08-22,2937.5,2969.7,2898.5,2941.0,1022482
2017-08-23,2978.6,3005.5,2935.6,2968.2,437705
2017-08-24,2929.5,2935.2,2899.9,2919.9,1097779
2017-08-25,2971.4,2977.7,2961.6,2966.6,1478908
2017-08-28,3031.8,3053.3,3029.7,3033.3,424251
2017-08-29,3006.4,3037.0,2995.2,3018.3,559686
2017-08-30,3007.6,3043.2,2990.7,3009.7,1293751
2017-08-31,2994.8,3041.1,2994.6,3005.2,799072
2017-09-01,3060.5,3081.0,3054.9,3071.4,803453
2017-09-04,3050.6,3049.3,3027.0,3043.5,327783
2017-09-05,3026.2,3068.4,2986.6,3026.7,1470036
2017-09-06,3004.5,3051.5,2996.7,3009.9,924859
2017-09-07,3117.8,3121.3,3080.5,3108.0,1121604
2017-09-08,3107.0,3134.8,3106.2,3112.6,835171
2017-09-11,3092.5,3111.8,3064.6,3084.3,448588
2017-09-12,3082.4,3089.6,3058.9,3087.1,699038
2017-09-13,3122.1,3124.8,3093.1,3120.2,894883
2017-09-14,3170.4,3186.8,3157.7,3181.7,1425196
2017-09-15,3199.0,3218.8,3177.5,3206.8,670473
2017-09-18,3194.2,3238.3,3158.9,3200.7,738381
2017-09-19,3166.1,3199.2,3149.9,3157.6,566786
2017-09-20,3175.9,3187.6,3160.1,3183.4,1432778
2017-09-21,3216.7,3239.0,3178.7,3222.6,356033
2017-09-22,3227.0,3241.5,3207.7,3222.0,1462563
2017-09-25,3291.1,3329.7,3258.1,3284.3,455786
2017-09-26,3306.7,3312.3,3260.6,3299.9,1100823
2017-09-27,3217.3,3215.6,3166.2,3210.6,1040037
2017-09-28,3249.8,3269.1,3211.7,3243.4,1498071
2017-09-29,3138.8,3168.2,3108.1,3149.4,677990
2017-10-02,3133.5,3156.1,3083.2,3129.2,471627
2017-10-03,3116.2,3159.6,3073.8,3117.8,481840
2017-10-04,3150.8,3186.6,3147.3,3149.8,1257109
2017-10-05,3152.0,3185.2,3135.6,3150.7,844788
2017-10-06,3027.1,3058.8,3010.6,3029.1,1053280
2017-10-09,2973.6,2983.2,2943.2,2978.6,950537
2017-10-10,3002.7,3030.2,2980.5,3007.0,891507
2017-10-11,2982.9,3010.6,2976.4,2985.9,735520
2017-10-12,2917.9,2936.6,2925.7,2926.9,661076
2017-10-13,2902.8,2924.1,2896.4,2896.7,485121
2017-10-16,2894.0,2929.9,2869.3,2902.3,1021623
2017-10-17,2883.9,2887.9,2850.1,2879.5,745122
2017-10-18,2900.0,2938.1,2864.0,2906.8,633915
2017-10-19,2904.7,2933.4,2879.9,2893.5,729639
2017-10-20,2878.9,2908.1,2857.7,2888.7,1440252
2017-10-23,2886.2,2928.4,2872.1,2895.0,906790
2017-10-24,2960.3,2997.3,2910.9,2954.7,1425715
2017-10-25,3011.7,3046.0,3001.4,3020.6,1343348
2017-10-26,3042.7,3058.5,3015.7,3031.0,1391535
2017-10-27,3021.6,3060.3,3004.5,3024.2,889631
2017-10-30,3023.0,3069.7,3005.6,3031.7,971812
2017-10-31,2998.9,3011.8,2985.1,2991.5,1385870
2017-11-01,2963.1,2957.4,2950.0,2953.9,1424856
2017-11-02,2906.6,2935.0,2897.4,2917.8,971322
2017-11-03,2944.2,2943.6,2936.1,2940.5,630371
2017-11-06,2978.1,3001.0,2942.2,2977.3,477352
2017-11-07,3019.8,3020.5,2978.5,3010.4,823760
2017-11-08,2983.8,2996.2,2954.2,2995.0,385766
2017-11-09,2991.5,3000.8,2970.7,2997.4,698788
2017-11-10,2983.0,2991.7,2948.4,2989.9,933617
2017-11-13,3019.2,3056.7,2984.2,3016.6,1409851
2017-11-14,2952.4,2982.9,2927.8,2945.4,1445749
2017-11-15,2923.4,2969.0,2913.5,2931.9,1105102
2017-11-16,2912.4,2923.6,2888.2,2906.2,1276324
2017-11-17,2872.8,2904.0,2847.9,2878.7,921699
2017-11-20,2933.8,2950.1,2908.8,2925.6,1440591
2017-11-21,2973.7,3005.5,2933.7,2966.0,1274396
2017-11-22,2892.5,2912.9,2853.9,2886.4,318124
2017-11-23,2928.1,2968.7,2912.9,2935.4,1168752
2017-11-24,2917.9,2946.7,2871.4,2909.4,1108811
2017-11-27,2970.9,2977.7,2931.4,2964.8,370204
2017-11-28,2955.9,2975.2,2930.9,2964.8,1022815
2017-11-29,2943.3,2953.3,2948.4,2951.3,960236
2017-11-30,2984.1,3001.1,2958.0,2981.4,885776
2017-12-01,2951.3,2984.8,2911.5,2950.8,310920
2017-12-04,2986.3,3017.6,2951.4,2976.9,940497
2017-12-05,2951.0,2970.8,2931.0,2940.5,1409063
2017-12-06,3012.2,3050.6,3022.2,3023.7,526361
2017-12-07,3059.3,3094.9,3029.5,3057.3,761204
2017-12-08,3022.1,3054.5,2991.5,3032.3,417733
2017-12-11,2985.8,3022.2,2969.5,2981.5,810738
2017-12-12,2993.2,3010.6,2960.5,2997.6,902602
2017-12-13,2944.2,2983.5,2934.7,2941.5,498384
2017-12-14,2965.6,2993.8,2935.2,2964.6,982699
2017-12-15,2966.1,2981.6,2946.1,2961.2,697267
2017-12-18,2965.4,3014.1,2970.3,2973.7,776357
2017-12-19,3020.1,3065.2,3018.2,3023.2,353866
2017-12-20,3082.9,3080.4,3029.8,3071.5,1105347
2017-12-21,3092.0,3086.1,3054.3,3080.7,1466059
2017-12-22,3159.0,3171.5,3147.4,3149.3,546958
2017-12-25,3197.8,3212.4,3173.2,3206.9,529540
2017-12-26,3216.0,3242.3,3205.2,3206.6,1332554
2017-12-27,3249.2,3253.2,3231.7,3236.8,783836
2017-12-28,3184.3,3197.6,3142.5,3174.8,973870
2017-12-29,3135.7,3170.5,3083.7,3129.1,689186
2018-01-01,3145.6,3148.3,3125.3,3141.0,798286
2018-01-02,3118.3,3163.0,3077.7,3120.0,765536
2018-01-03,3094.5,3099.5,3057.5,3086.4,474344
2018-01-04,3058.4,3069.2,3033.4,3067.1,424880
2018-01-05,2947.3,2955.9,2898.7,2937.2,708745
2018-01-08,2963.6,3004.1,2954.1,2970.8,1128223
2018-01-09,2893.0,2899.8,2879.6,2898.5,596078
2018-01-10,2820.7,2839.0,2805.5,2821.6,1298398
2018-01-11,2878.2,2886.7,2853.5,2881.0,402536
2018-01-12,2811.9,2847.2,2788.3,2822.3,1119990
2018-01-15,2862.6,2859.1,2844.9,2852.2,464869
2018-01-16,2859.7,2867.7,2834.4,2853.2,857626
2018-01-17,2847.8,2872.4,2850.1,2850.8,385814
2018-01-18,2881.9,2915.6,2848.1,2874.0,623867
2018-01-19,2832.8,2853.2,2819.7,2832.0,607270
2018-01-22,2823.4,2842.6,2783.4,2825.5,1427965
2018-01-23,2828.3,2837.7,2811.0,2837.1,342446
2018-01-24,2845.8,2852.0,2833.0,2848.4,436727
2018-01-25,2825.5,2871.6,2799.5,2835.5,548250
2018-01-26,2881.2,2882.8,2839.8,2879.0,1278737
2018-01-29,2846.6,2878.0,2841.2,2855.6,519163
2018-01-30,2843.0,2873.4,2806.9,2838.8,523192
2018-01-31,2790.0,2794.6,2743.5,2785.1,983844
2018-02-01,2821.7,2857.3,2797.3,2833.0,564590
2018-02-02,2958.2,2957.8,2919.4,2956.5,485721
2018-02-05,2849.6,2871.8,2832.8,2839.7,1044538
2018-02-06,2768.0,2790.7,2731.7,2766.3,928815
2018-02-07,2819.6,2840.3,2813.1,2816.9,441907
2018-02-08,2558.4,2604.5,2560.1,2568.4,1270052
2018-02-09,2654.1,2658.2,2634.9,2644.7,1362604
2018-02-12,2653.9,2663.2,2636.0,2657.0,639306
2018-02-13,2480.1,2490.8,2475.3,2485.0,1360207
2018-02-14,2460.9,2489.9,2452.4,2455.9,1268426
2018-02-15,2284.3,2290.4,2282.6,2289.8,618697
2018-02-16,2056.4,2069.0,2035.9,2059.4,710500
2018-02-19,2087.9,2113.2,2063.5,2085.7,528560
2018-02-20,2080.3,2088.3,2048.3,2078.2,330602
2018-02-21,2078.4,2094.5,2050.2,2078.9,1087497
2018-02-22,2036.9,2042.4,2026.0,2042.0,949274
2018-02-23,2157.8,2169.1,2121.7,2149.2,556985
2018-02-26,2115.7,2117.6,2086.8,2113.2,1219988
2018-02-27,1880.2,1875.1,1849.0,1873.6,1105963
2018-02-28,1693.1,1719.2,1694.4,1698.2,1421853
2018-03-01,1638.9,1659.9,1635.7,1641.3,472860
2018-03-02,1671.7,1681.2,1661.1,1667.4,1248793
2018-03-05,1585.5,1600.2,1557.9,1579.7,377245
2018-03-06,1695.5,1703.4,1672.4,1691.2,876472
2018-03-07,1634.4,1647.7,1630.1,1640.2,312328
2018-03-08,1530.5,1525.8,1512.0,1525.3,488190
2018-03-09,1414.7,1427.0,1399.1,1416.8,849580
2018-03-12,1446.6,1445.9,1427.5,1445.8,941028
2018-03-13,1459.7,1462.8,1443.8,1460.2,1286702
2018-03-14,1431.4,1452.6,1419.0,1431.8,1353464
2018-03-15,1470.6,1481.7,1460.3,1475.3,770209
2018-03-16,1448.5,1457.9,1438.7,1448.9,495736
2018-03-19,1492.0,1496.1,1473.4,1492.6,323873
2018-03-20,1494.9,1515.7,1484.5,1493.7,764176
2018-03-21,1546.5,1552.7,1528.0,1551.3,1114275
2018-03-22,1586.7,1608.1,1574.5,1585.0,620790
2018-03-23,1519.0,1543.0,1501.3,1523.9,584716
2018-03-26,1561.2,1579.5,1548.3,1565.2,1279314
2018-03-27,1599.9,1610.1,1576.1,1595.8,388735
2018-03-28,1624.6,1624.0,1599.6,1623.9,919011
2018-03-29,1490.3,1498.2,1485.4,1489.3,754493
2018-03-30,1455.3,1467.4,1444.6,1451.9,407450
2018-04-02,1463.0,1466.3,1448.1,1458.2,611261
2018-04-03,1479.7,1487.3,1463.9,1480.9,413513
2018-04-04,1510.5,1516.0,1502.6,1507.1,309266
2018-04-05,1526.3,1528.9,1519.4,1520.6,1291899
2018-04-06,1561.3,1569.2,1559.2,1562.4,464152
2018-04-09,1599.0,1622.7,1598.9,1599.1,620351
2018-04-10,1543.5,1549.2,1536.3,1544.8,357295
2018-04-11,1575.6,1585.9,1558.9,1577.9,370873
2018-04-12,1560.5,1574.8,1553.3,1563.2,823234
2018-04-13,1559.1,1559.1,1550.2,1555.8,1196182
2018-04-16,1598.5,1610.1,1593.8,1596.3,1255451
2018-04-17,1622.8,1621.4,1614.2,1617.7,1212638
2018-04-18,1612.7,1614.9,1598.0,1609.6,1061773
2018-04-19,1618.0,1639.5,1618.9,1620.4,1360919
2018-04-20,1639.4,1647.1,1629.1,1638.0,600620
2018-04-23,1618.6,1635.0,1617.5,1619.2,525668
2018-04-24,1630.9,1642.5,1621.5,1624.9,529375
2018-04-25,1625.3,1644.0,1621.2,1631.1,1095388
2018-04-26,1624.9,1625.0,1600.5,1620.8,1196106
2018-04-27,1620.2,1619.6,1613.2,1615.6,343807
2018-04-30,1643.4,1650.5,1625.5,1643.8,405897
2018-05-01,1630.6,1651.4,1632.3,1632.4,913987
2018-05-02,1620.9,1618.5,1592.3,1616.1,1393042
2018-05-03,1602.7,1607.9,1584.9,1601.7,786417
2018-05-04,1592.7,1603.7,1578.0,1598.5,1130349
2018-05-07,1622.7,1629.7,1611.9,1618.6,1412336
2018-05-08,1611.5,1630.2,1593.3,1614.5,1406796
2018-05-09,1592.1,1620.1,1596.0,1596.5,993542
2018-05-10,1609.3,1615.0,1595.0,1613.4,1404805
2018-05-11,1603.7,1619.5,1600.2,1610.0,1389938
2018-05-14,1634.8,1642.7,1608.1,1628.9,408373
2018-05-15,1594.3,1608.3,1567.0,1589.7,1036059
2018-05-16,1561.3,1582.1,1547.9,1565.4,1173306
2018-05-17,1559.6,1563.5,1541.0,1560.7,547835
2018-05-18,1553.5,1575.1,1532.6,1555.7,1190825
2018-05-21,1589.1,1611.6,1581.2,1591.9,1200838
2018-05-22,1599.7,1613.2,1591.6,1598.0,1375766
2018-05-23,1571.8,1583.1,1573.8,1574.3,761263
2018-05-24,1580.0,1590.2,1565.8,1574.5,810655
2018-05-25,1523.3,1530.3,1523.5,1529.1,1050895
2018-05-28,1549.7,1551.8,1527.2,1546.8,476880
2018-05-29,1568.6,1567.2,1554.3,1565.5,1127308
2018-05-30,1590.1,1602.9,1584.0,1588.2,804228
2018-05-31,1614.0,1629.9,1594.3,1613.6,660551
2018-06-01,1659.7,1657.2,1633.8,1654.5,970030
2018-06-04,1615.3,1635.0,1608.1,1613.0,1187563
2018-06-05,1612.3,1630.4,1598.7,1613.5,979169
2018-06-06,1596.7,1598.6,1577.6,1591.7,425584
2018-06-07,1607.3,1629.2,1589.3,1613.2,656190
2018-06-08,1623.7,1628.6,1608.5,1617.5,325785
2018-06-11,1635.4,1650.2,1620.4,1634.8,780776
2018-06-12,1614.3,1623.9,1592.4,1611.2,648393
2018-06-13,1620.1,1629.7,1600.0,1619.6,1097832
2018-06-14,1603.8,1622.5,1593.5,1601.7,540549
2018-06-15,1581.0,1580.3,1572.3,1579.0,1033426
2018-06-18,1552.8,1563.2,1555.4,1556.3,898146
2018-06-19,1536.5,1551.1,1519.0,1536.4,847837
2018-06-20,1509.6,1517.0,1491.5,1513.8,592906
2018-06-21,1551.9,1579.0,1546.3,1557.3,1256975
2018-06-22,1520.6,1527.3,1495.3,1514.9,345940
2018-06-25,1533.2,1550.7,1523.5,1528.8,1053394
2018-06-26,1555.5,1577.1,1547.8,1555.2,729039
2018-06-27,1550.8,1567.3,1531.2,1546.7,958173
2018-06-28,1551.5,1569.1,1552.4,1554.1,1474957
2018-06-29,1593.9,1590.5,1580.2,1589.7,634910
2018-07-02,1541.9,1558.7,1525.8,1536.7,1177920
2018-07-03,1506.2,1525.1,1506.4,1509.1,1297064
2018-07-04,1522.2,1532.0,1510.3,1526.3,365623
2018-07-05,1498.2,1510.4,1485.6,1503.6,1439918
2018-07-06,1512.8,1526.7,1486.1,1507.2,423963
2018-07-09,1536.6,1560.2,1528.4,1541.1,1128394
2018-07-10,1571.4,1589.7,1567.1,1569.9,755757
2018-07-11,1611.7,1633.7,1596.1,1615.3,571980
2018-07-12,1647.1,1671.2,1647.2,1650.5,454686
2018-07-13,1630.0,1655.4,1613.0,1632.3,618017
2018-07-16,1627.2,1639.7,1608.8,1622.5,1475735
2018-07-17,1651.5,1674.8,1633.8,1653.4,1094594
2018-07-18,1638.6,1648.6,1625.7,1634.0,983360
2018-07-19,1634.2,1655.8,1636.3,1640.1,434303
2018-07-20,1687.4,1699.3,1661.8,1685.0,458641
2018-07-23,1715.3,1725.5,1705.8,1714.7,310102
2018-07-24,1702.6,1710.2,1687.4,1708.9,646671
2018-07-25,1715.1,1714.3,1694.5,1711.4,1314542
2018-07-26,1692.5,1706.0,1667.7,1687.8,925427
2018-07-27,1691.1,1709.0,1668.3,1693.6,1213595
2018-07-30,1734.0,1742.0,1716.7,1729.2,377376
2018-07-31,1658.7,1682.3,1657.1,1659.1,406351
2018-08-01,1611.6,1630.2,1586.9,1610.9,545066
2018-08-02,1656.7,1656.2,1631.9,1656.1,321818
2018-08-03,1660.8,1664.3,1643.8,1655.5,551954
2018-08-06,1703.1,1723.1,1681.4,1700.6,1184082
2018-08-07,1751.8,1746.5,1740.4,1746.0,769711
2018-08-08,1775.4,1788.6,1751.6,1769.5,1077078
2018-08-09,1794.4,1813.4,1784.9,1799.5,313269
2018-08-10,1815.0,1831.6,1801.8,1808.7,940223
2018-08-13,1822.0,1821.8,1817.7,1820.3,344848
2018-08-14,1847.9,1856.4,1840.5,1840.7,1226151
2018-08-15,1807.2,1808.6,1793.3,1803.3,1468221
2018-08-16,1833.1,1849.1,1804.1,1828.0,1451813
2018-08-17,1847.0,1859.4,1830.9,1847.2,594456
2018-08-20,1859.3,1863.7,1841.9,1855.2,974186
2018-08-21,1864.8,1881.8,1860.4,1870.7,1360405
2018-08-22,1868.0,1883.7,1839.9,1863.8,821839
2018-08-23,1859.7,1878.6,1846.1,1863.4,881161
2018-08-24,1905.6,1926.1,1895.2,1899.6,713611
2018-08-27,1906.9,1930.5,1883.6,1904.9,1117767
2018-08-28,1923.3,1941.1,1900.3,1916.0,1295648
2018-08-29,1914.9,1921.2,1916.2,1917.9,1041393
2018-08-30,1940.6,1945.0,1931.7,1943.1,328043
2018-08-31,1882.6,1914.0,1864.3,1890.1,475260
2018-09-03,1910.6,1935.2,1905.5,1912.7,652351
2018-09-04,1859.7,1869.8,1858.1,1859.5,1195541
2018-09-05,1867.1,1874.0,1852.5,1864.1,1271191
2018-09-06,1873.4,1901.9,1873.6,1878.0,772500
2018-09-07,1789.9,1798.5,1758.9,1785.0,771231
2018-09-10,1753.7,1776.1,1743.5,1758.6,1333111
2018-09-11,1785.3,1818.0,1773.4,1791.3,620762
2018-09-12,1770.5,1787.4,1750.3,1768.2,526420
2018-09-13,1712.0,1739.0,1691.8,1716.0,973147
2018-09-14,1711.2,1725.0,1696.4,1706.7,672881
2018-09-17,1683.2,1689.8,1683.2,1683.8,1107369
2018-09-18,1664.8,1680.9,1641.1,1663.6,378932
2018-09-19,1660.0,1682.7,1636.0,1659.6,1336943
2018-09-20,1699.0,1708.4,1690.5,1698.6,398058
2018-09-21,1735.1,1734.3,1712.7,1732.6,1118437
2018-09-24,1732.9,1743.7,1733.8,1737.4,619579
2018-09-25,1694.9,1702.2,1686.1,1698.6,390851
2018-09-26,1688.5,1687.0,1669.4,1686.1,1366434
2018-09-27,1698.3,1725.6,1694.7,1705.1,677108
2018-09-28,1676.5,1695.3,1670.2,1682.8,883190
2018-10-01,1691.1,1690.7,1670.2,1690.1,378899
2018-10-02,1721.1,1734.7,1719.0,1723.6,395542
2018-10-03,1661.1,1688.1,1657.7,1665.2,596147
2018-10-04,1667.4,1670.0,1661.5,1666.4,822540
2018-10-05,1718.3,1728.3,1700.6,1712.9,902318
2018-10-08,1708.0,1716.6,1705.6,1710.8,722812
2018-10-09,1734.5,1759.1,1736.6,1738.9,806852
2018-10-10,1751.6,1776.2,1748.4,1750.8,556006
2018-10-11,1763.8,1793.9,1760.4,1768.2,1335947
2018-10-12,1770.1,1796.3,1766.0,1769.9,640730
2018-10-15,1770.4,1787.9,1748.3,1773.6,1462956
2018-10-16,1749.9,1772.5,1733.2,1749.1,890218
2018-10-17,1783.5,1810.6,1773.3,1784.3,1219640
2018-10-18,1762.7,1787.4,1758.3,1765.2,1106988
2018-10-19,1764.1,1759.3,1739.9,1757.3,819535
2018-10-22,1734.5,1748.7,1708.9,1732.5,917723
2018-10-23,1756.4,1782.4,1739.6,1757.8,1024671
2018-10-24,1739.1,1747.7,1713.6,1734.1,1129648
2018-10-25,1719.8,1747.0,1710.8,1722.2,686912
2018-10-26,1708.2,1735.8,1703.1,1713.9,1389635
2018-10-29,1711.9,1727.4,1700.9,1718.6,895142
2018-10-30,1756.0,1761.9,1746.6,1755.5,1327293
2018-10-31,1762.2,1771.9,1740.1,1758.2,1459570
2018-11-01,1767.1,1786.4,1742.6,1760.4,663295
2018-11-02,1780.4,1804.0,1769.2,1783.2,964388
2018-11-05,1794.0,1816.4,1775.2,1792.9,1264184
2018-11-06,1815.8,1838.2,1800.8,1812.5,1120048
2018-11-07,1832.3,1850.6,1825.8,1837.2,1224923
2018-11-08,1835.9,1850.6,1815.6,1829.8,846384
2018-11-09,1746.5,1767.9,1729.0,1746.0,1360418
2018-11-12,1731.0,1743.6,1713.6,1731.1,617857
2018-11-13,1771.5,1798.0,1775.8,1777.9,387281
2018-11-14,1760.1,1783.6,1747.3,1764.5,702151
2018-11-15,1727.3,1747.2,1714.5,1733.9,977082
2018-11-16,1697.6,1708.1,1678.9,1691.4,1223380
2018-11-19,1683.6,1697.3,1669.8,1683.5,1162324
2018-11-20,1659.9,1657.2,1635.1,1656.6,1481161
2018-11-21,1666.7,1673.7,1654.1,1668.4,1076412
2018-11-22,1673.4,1685.1,1645.5,1670.2,1056781
2018-11-23,1652.6,1647.3,1642.1,1647.1,1308855
2018-11-26,1634.6,1632.4,1627.9,1631.2,737745
2018-11-27,1639.2,1657.9,1617.8,1640.5,656947
2018-11-28,1669.6,1674.0,1664.1,1664.6,391910
2018-11-29,1614.7,1624.6,1610.0,1618.8,1355187
2018-11-30,1596.4,1602.7,1585.5,1594.9,822499
2018-12-03,1615.3,1626.5,1616.2,1617.9,1363685
2018-12-04,1648.5,1664.7,1634.0,1653.5,1335210
2018-12-05,1650.6,1655.7,1622.7,1645.8,396796
2018-12-06,1624.4,1645.8,1621.6,1626.9,648691
2018-12-07,1678.9,1697.6,1670.6,1679.5,1073243
2018-12-10,1677.6,1677.4,1668.7,1673.2,679624
2018-12-11,1632.4,1645.2,1623.0,1634.4,1268974
2018-12-12,1621.5,1647.0,1614.6,1624.1,1033664
2018-12-13,1640.6,1661.7,1638.1,1641.3,454006
2018-12-14,1653.3,1662.5,1631.4,1655.8,1133497
2018-12-17,1678.3,1692.1,1672.7,1683.8,1094494
2018-12-18,1728.4,1731.6,1716.8,1722.4,815245
2018-12-19,1735.2,1765.9,1715.6,1740.7,901293
2018-12-20,1726.2,1735.8,1699.1,1721.1,1324490
2018-12-21,1769.3,1786.5,1738.5,1763.4,806255
2018-12-24,1801.4,1826.6,1782.6,1801.7,543152
2018-12-25,1770.2,1796.1,1764.7,1770.2,1047503
2018-12-26,1763.8,1782.3,1762.8,1766.9,578479
2018-12-27,1785.3,1790.1,1771.3,1786.9,1244948
2018-12-28,1815.1,1822.4,1798.7,1812.5,545396
2018-12-31,1820.1,1831.0,1801.3,1824.7,1447280
2019-01-01,1806.9,1808.4,1785.4,1800.4,473464
2019-01-02,1767.9,1779.0,1750.7,1771.6,1431707
2019-01-03,1781.1,1796.3,1756.8,1775.7,569694
2019-01-04,1744.1,1748.0,1728.3,1746.0,637664
2019-01-07,1782.9,1808.0,1769.6,1782.8,768477
2019-01-08,1773.1,1774.5,1758.7,1768.2,1415767
2019-01-09,1768.2,1769.3,1753.5,1764.7,999868
2019-01-10,1782.5,1810.6,1767.4,1787.6,573248
2019-01-11,1719.6,1748.6,1715.0,1725.3,507484
2019-01-14,1734.5,1746.5,1720.8,1730.2,1297120
2019-01-15,1768.7,1773.4,1763.6,1769.0,847257
2019-01-16,1769.7,1778.8,1758.0,1764.1,1036335
2019-01-17,1769.4,1790.8,1754.8,1775.0,698297
2019-01-18,1780.1,1791.7,1770.5,1779.5,1224170
2019-01-21,1769.1,1783.7,1760.4,1766.4,917119
2019-01-22,1812.8,1835.3,1798.5,1810.6,1022096
2019-01-23,1835.6,1847.8,1834.2,1834.3,1366474
2019-01-24,1902.9,1904.6,1872.9,1896.0,1166391
2019-01-25,1922.0,1935.9,1908.3,1918.7,1350041
2019-01-28,1898.4,1902.4,1887.5,1897.5,1098723
2019-01-29,1861.3,1871.9,1862.3,1867.4,1384230
2019-01-30,1814.9,1820.9,1816.2,1819.3,461983
2019-01-31,1814.3,1836.2,1785.6,1812.8,738342
2019-02-01,1798.1,1810.0,1793.7,1799.6,742587
2019-02-04,1844.8,1860.3,1836.7,1849.4,1074340
2019-02-05,1864.4,1872.3,1850.1,1864.8,740527
2019-02-06,1872.4,1873.2,1851.1,1870.6,417481
2019-02-07,1853.9,1865.1,1838.9,1859.3,1448394
2019-02-08,1852.2,1861.9,1840.4,1852.2,389050
2019-02-11,1869.7,1891.8,1843.7,1863.9,1420643
2019-02-12,1888.2,1911.4,1873.2,1891.4,732463
2019-02-13,1862.9,1871.0,1852.4,1860.5,1214340
2019-02-14,1911.4,1938.9,1907.9,1914.6,1063975
2019-02-15,1928.3,1938.0,1914.1,1930.0,982644
2019-02-18,1937.7,1970.3,1916.7,1944.6,1279246
2019-02-19,1951.7,1971.9,1932.2,1953.3,802272
2019-02-20,1961.3,1977.4,1944.2,1959.4,747016
2019-02-21,1987.6,1987.0,1981.0,1983.5,416196
2019-02-22,1965.1,1985.4,1943.4,1965.8,321145
2019-02-25,1966.7,1981.5,1965.5,1972.8,1372836
2019-02-26,2022.1,2049.7,2024.1,2028.5,702255
2019-02-27,2035.6,2035.4,2032.3,2033.6,442970
2019-02-28,2022.4,2019.3,2013.5,2016.2,580240
2019-03-01,1997.0,2002.1,1969.6,1992.4,695641
2019-03-04,1983.9,2015.1,1965.9,1989.4,688872
2019-03-05,1998.0,2005.4,1982.1,1995.7,914299
2019-03-06,2011.0,2018.1,1985.8,2004.4,1003782
2019-03-07,2042.1,2043.9,2028.4,2043.2,1134413
2019-03-08,2013.2,2009.9,1999.0,2007.4,1415041
2019-03-11,1965.4,1977.9,1942.7,1963.5,1183837
2019-03-12,1958.3,1977.7,1958.5,1963.7,905600
2019-03-13,1937.4,1949.9,1919.2,1943.3,607147
2019-03-14,1930.2,1935.3,1908.2,1931.7,1366845
2019-03-15,1965.6,1983.2,1935.9,1960.7,1455215
2019-03-18,1911.0,1928.1,1904.5,1907.2,882506
2019-03-19,1859.7,1855.8,1834.3,1852.7,1321270
2019-03-20,1878.4,1889.1,1859.7,1885.7,1212177
2019-03-21,1878.1,1906.0,1877.2,1883.6,304692
2019-03-22,1859.2,1890.1,1852.0,1862.2,505700
2019-03-25,1808.2,1826.5,1788.5,1811.5,1483792
2019-03-26,1860.7,1868.2,1851.7,1860.7,1379648
2019-03-27,1882.8,1881.9,1867.7,1880.8,378819
2019-03-28,1924.0,1945.3,1906.6,1923.7,1187180
2019-03-29,1937.0,1965.2,1933.5,1936.3,1186464
2019-04-01,1915.2,1933.7,1902.4,1917.1,1212493
2019-04-02,1975.8,1992.1,1949.8,1970.5,667088
2019-04-03,1984.1,2006.0,1963.5,1987.3,1021145
2019-04-04,1978.5,2001.7,1968.3,1972.9,865938
2019-04-05,1936.7,1955.6,1930.8,1936.4,897477
2019-04-08,1900.7,1914.5,1899.4,1904.2,549595
2019-04-09,1989.0,1992.4,1960.4,1989.9,800403
2019-04-10,2014.5,2026.3,2014.7,2022.5,738914
2019-04-11,2049.3,2069.7,2034.1,2051.4,1368803
2019-04-12,2015.8,2046.9,2020.6,2023.4,1219689
2019-04-15,2014.3,2037.2,1990.7,2007.8,807777
2019-04-16,1985.2,2002.4,1950.8,1978.6,1212307
2019-04-17,1960.9,1982.4,1947.3,1957.0,987014
2019-04-18,1956.2,1980.9,1932.5,1958.4,881635
2019-04-19,1946.1,1953.6,1928.1,1944.7,382510
2019-04-22,1990.1,2004.5,1993.8,1998.0,668395
2019-04-23,2003.4,2018.8,1990.0,2008.7,992904
2019-04-24,2025.5,2037.2,2008.0,2027.8,523267
2019-04-25,2013.5,2038.5,1989.2,2009.0,1461671
2019-04-26,2000.4,2003.6,1979.0,1998.3,1424981
2019-04-29,2018.7,2023.8,1994.6,2013.9,536422
2019-04-30,1967.2,1972.5,1962.9,1964.0,1063643
2019-05-01,1923.9,1949.9,1902.5,1930.9,496566
2019-05-02,1939.2,1948.2,1914.7,1937.0,1070544
2019-05-03,1891.0,1904.9,1879.9,1884.9,480579
2019-05-06,1917.6,1941.8,1907.9,1918.2,1475704
2019-05-07,1932.3,1946.3,1904.2,1928.6,1144137
2019-05-08,1965.7,1966.2,1945.3,1958.6,374400
2019-05-09,1944.8,1941.2,1911.7,1939.0,380353
2019-05-10,1967.6,1964.8,1959.6,1960.6,1483930
2019-05-13,1974.7,2002.9,1976.5,1980.8,933375
2019-05-14,2005.6,2021.9,1993.2,2010.7,1371856
2019-05-15,1959.8,1954.7,1935.9,1954.4,636595
2019-05-16,1969.5,1968.6,1955.8,1966.8,436992
2019-05-17,1967.2,1977.3,1941.0,1961.0,1106720
2019-05-20,2054.0,2068.9,2035.3,2056.3,424365
2019-05-21,2053.3,2059.0,2018.8,2047.3,1424939
2019-05-22,2104.0,2137.0,2087.2,2107.4,755416
2019-05-23,2127.6,2135.0,2120.4,2127.1,1236472
2019-05-24,2110.2,2128.9,2078.3,2106.6,1454686
2019-05-27,2106.2,2125.9,2098.2,2104.6,799704
2019-05-28,2067.8,2072.4,2050.3,2064.2,354232
2019-05-29,2111.5,2133.0,2092.6,2105.1,1416197
2019-05-30,2092.6,2104.4,2084.7,2092.8,1357035
2019-05-31,2129.4,2142.4,2124.3,2127.5,372801
2019-06-03,2117.1,2148.9,2108.2,2122.8,440633
2019-06-04,2202.1,2219.4,2184.3,2200.3,1227129
2019-06-05,2258.5,2283.0,2240.9,2252.2,382247
2019-06-06,2229.4,2263.6,2203.7,2233.6,567640
2019-06-07,2255.3,2268.3,2244.1,2257.3,1086633
2019-06-10,2243.1,2260.3,2205.5,2234.5,1479581
2019-06-11,2318.9,2329.2,2308.2,2312.4,1497928
2019-06-12,2343.5,2358.6,2327.3,2351.5,1048039
2019-06-13,2382.2,2400.2,2362.2,2374.8,1376721
2019-06-14,2371.6,2393.4,2359.4,2373.0,329350
2019-06-17,2364.8,2390.1,2356.3,2366.1,1123614
2019-06-18,2354.8,2363.9,2337.0,2351.2,322124
2019-06-19,2322.2,2360.7,2310.2,2327.1,530516
2019-06-20,2339.6,2346.9,2323.3,2341.4,569121
2019-06-21,2327.4,2356.7,2303.4,2327.2,1240923
2019-06-24,2326.1,2352.9,2305.6,2326.5,521241
2019-06-25,2313.3,2330.9,2283.8,2314.8,1200428
2019-06-26,2344.5,2359.7,2340.6,2352.6,494876
2019-06-27,2352.1,2360.2,2348.5,2358.4,878718
2019-06-28,2339.7,2370.5,2335.3,2338.3,553860
2019-07-01,2364.3,2402.7,2335.6,2368.8,544309
2019-07-02,2335.7,2353.4,2327.7,2338.1,747297
2019-07-03,2291.8,2303.9,2277.7,2286.4,573258
2019-07-04,2300.1,2310.0,2286.4,2298.9,434480
2019-07-05,2326.5,2319.5,2290.9,2317.8,1473114
2019-07-08,2303.0,2306.0,2271.4,2298.3,728179
2019-07-09,2336.3,2360.7,2320.1,2338.3,603354
2019-07-10,2394.2,2399.7,2358.8,2390.1,1187537
2019-07-11,2419.1,2427.3,2406.4,2417.0,873551
2019-07-12,2424.3,2432.6,2405.2,2426.2,1391827
2019-07-15,2525.4,2542.0,2498.1,2516.8,1400529
2019-07-16,2513.8,2538.5,2507.0,2508.9,326310
2019-07-17,2536.9,2560.5,2521.2,2531.7,405745
2019-07-18,2524.5,2567.7,2532.1,2533.4,1211468
2019-07-19,2551.2,2577.0,2538.3,2547.3,1334171
2019-07-22,2556.6,2588.4,2555.1,2563.4,906828
2019-07-23,2597.5,2616.8,2567.5,2603.7,1475889
2019-07-24,2622.3,2653.7,2619.0,2623.9,920659
2019-07-25,2656.6,2684.1,2617.4,2650.7,1471692
2019-07-26,2606.3,2627.6,2602.3,2611.3,556773
2019-07-29,2622.0,2634.0,2591.7,2618.9,1183901
2019-07-30,2588.2,2623.5,2586.3,2597.0,1429687
2019-07-31,2624.9,2650.7,2615.9,2622.6,513681
2019-08-01,2599.7,2621.7,2599.6,2600.7,1279390
2019-08-02,2634.6,2638.0,2617.7,2634.0,1246081
2019-08-05,2671.7,2665.0,2660.5,2661.2,916979
2019-08-06,2671.6,2674.4,2634.2,2671.5,304063
2019-08-07,2603.5,2626.5,2570.0,2605.0,432392
2019-08-08,2619.6,2627.6,2582.1,2611.8,1092767
2019-08-09,2594.0,2625.1,2573.3,2591.4,695511
2019-08-12,2573.8,2608.8,2538.6,2576.8,315255
2019-08-13,2561.9,2569.5,2533.9,2557.6,1281866
2019-08-14,2570.9,2589.9,2576.1,2576.4,340992
2019-08-15,2608.7,2621.1,2585.6,2608.7,654207
2019-08-16,2633.3,2642.2,2635.1,2638.0,308318
2019-08-19,2708.7,2713.9,2686.0,2702.1,1131177
2019-08-20,2750.7,2753.6,2742.3,2746.6,1042140
2019-08-21,2770.2,2785.0,2759.1,2771.5,1074352
2019-08-22,2743.3,2776.4,2713.8,2744.2,368121
2019-08-23,2738.9,2768.5,2703.9,2729.3,1424881
2019-08-26,2726.5,2752.0,2715.7,2718.6,1304600
2019-08-27,2702.5,2724.7,2691.7,2706.6,1220995
2019-08-28,2719.6,2733.7,2683.3,2710.3,713491
2019-08-29,2727.4,2738.0,2714.3,2730.6,1427622
2019-08-30,2678.5,2691.6,2659.7,2687.3,691425
2019-09-02,2681.4,2691.2,2679.9,2684.8,709356
2019-09-03,2635.6,2664.5,2625.2,2635.8,1282370
2019-09-04,2582.0,2618.7,2552.6,2589.6,678046
2019-09-05,2618.8,2633.9,2598.0,2617.9,592988
2019-09-06,2659.6,2653.0,2649.0,2649.1,1246232
2019-09-09,2588.7,2592.8,2561.1,2585.2,1091975
2019-09-10,2551.4,2582.8,2518.1,2548.4,617703
2019-09-11,2550.5,2584.6,2542.7,2550.7,774637
2019-09-12,2578.8,2596.3,2546.2,2580.3,346403
2019-09-13,2499.1,2512.7,2469.2,2494.6,973950
2019-09-16,2432.1,2466.6,2405.6,2432.1,594956
2019-09-17,2431.2,2441.5,2421.3,2428.8,499352
2019-09-18,2407.5,2413.4,2399.6,2407.7,1024040
2019-09-19,2416.5,2445.9,2381.4,2411.5,1284524
2019-09-20,2401.1,2443.6,2385.6,2409.3,1443883
2019-09-23,2468.1,2492.8,2448.0,2470.3,625400
2019-09-24,2484.8,2516.9,2486.8,2489.1,1459108
2019-09-25,2541.9,2563.5,2506.3,2535.2,589668
2019-09-26,2447.4,2461.7,2437.0,2444.8,1038190
2019-09-27,2396.2,2412.6,2380.6,2397.4,678995
2019-09-30,2429.4,2450.5,2405.6,2433.2,638776
2019-10-01,2425.1,2440.7,2409.3,2430.9,1325250
2019-10-02,2448.1,2450.8,2432.0,2438.6,1020109
2019-10-03,2398.2,2406.5,2391.2,2406.0,501948
2019-10-04,2440.7,2451.9,2425.2,2447.8,773819
2019-10-07,2486.2,2493.6,2469.5,2484.8,832191
2019-10-08,2507.3,2524.5,2474.8,2503.1,704312
2019-10-09,2524.5,2520.3,2498.5,2515.8,474331
2019-10-10,2505.8,2522.3,2491.6,2501.9,490030
2019-10-11,2549.3,2559.5,2549.5,2550.6,1366625
2019-10-14,2561.2,2562.5,2529.5,2552.4,956812
2019-10-15,2544.5,2571.7,2536.8,2547.0,312125
2019-10-16,2468.5,2494.8,2443.1,2477.2,394620
2019-10-17,2488.8,2523.8,2485.4,2489.2,685048
2019-10-18,2477.8,2496.0,2447.7,2474.4,1248871
2019-10-21,2490.2,2523.9,2468.8,2492.5,1239882
2019-10-22,2526.9,2527.6,2507.7,2519.9,617629
2019-10-23,2486.4,2523.9,2475.3,2495.9,404480
2019-10-24,2448.9,2473.5,2437.9,2443.2,685907
2019-10-25,2401.9,2410.0,2396.6,2408.0,738381
2019-10-28,2384.7,2407.7,2366.6,2391.0,1128328
2019-10-29,2373.7,2380.0,2362.2,2372.6,937622
2019-10-30,2350.8,2371.3,2337.1,2352.4,611398
2019-10-31,2357.0,2367.7,2358.8,2365.0,1467281
2019-11-01,2371.4,2390.3,2369.4,2379.1,1226631
2019-11-04,2431.0,2461.4,2424.1,2434.5,1003007
2019-11-05,2493.0,2528.3,2466.2,2502.7,385793
2019-11-06,2465.5,2505.8,2445.7,2469.3,762780
2019-11-07,2413.6,2411.3,2375.2,2408.1,609496
2019-11-08,2417.8,2412.3,2377.2,2409.2,510161
2019-11-11,2447.3,2470.4,2433.7,2438.0,740411
2019-11-12,2440.7,2453.4,2415.1,2431.3,310270
2019-11-13,2433.3,2458.0,2432.8,2441.7,812332
2019-11-14,2476.0,2494.3,2463.2,2482.3,819755
2019-11-15,2513.2,2535.7,2503.5,2507.5,306354
2019-11-18,2432.7,2460.6,2414.3,2440.9,1191992
2019-11-19,2506.0,2518.3,2471.8,2503.0,1025409
2019-11-20,2497.4,2507.9,2470.6,2494.7,1178767
2019-11-21,2504.4,2507.0,2468.9,2499.9,918411
2019-11-22,2512.8,2539.0,2498.2,2513.3,1109698
2019-11-25,2505.4,2518.7,2495.5,2497.6,1485260
2019-11-26,2487.3,2485.6,2480.8,2484.5,930634
2019-11-27,2455.6,2494.6,2448.1,2461.5,1293960
2019-11-28,2383.4,2405.9,2360.3,2391.7,982298
2019-11-29,2415.7,2431.8,2393.3,2423.6,1241089
2019-12-02,2361.3,2396.7,2345.2,2368.4,300407
2019-12-03,2382.4,2410.0,2367.9,2381.6,686882
2019-12-04,2471.0,2468.9,2459.7,2461.6,518526
2019-12-05,2445.0,2474.0,2441.6,2447.1,1096177
2019-12-06,2426.5,2459.0,2390.1,2424.6,954912
2019-12-09,2406.0,2428.9,2395.5,2406.6,516462
2019-12-10,2432.1,2463.3,2403.4,2427.3,764588
2019-12-11,2440.2,2474.0,2431.0,2445.6,924290
2019-12-12,2426.5,2447.0,2406.4,2433.4,337902
2019-12-13,2446.4,2475.0,2444.0,2455.8,371296
2019-12-16,2446.9,2476.4,2410.9,2443.3,426824
2019-12-17,2490.5,2524.2,2474.7,2494.9,961082
2019-12-18,2589.2,2625.5,2572.4,2588.8,1380217
2019-12-19,2598.0,2635.1,2599.2,2606.2,388199
2019-12-20,2590.3,2623.1,2583.4,2596.6,369360
2019-12-23,2572.7,2596.1,2578.3,2580.4,1070502
2019-12-24,2579.4,2599.0,2548.2,2583.4,384937
2019-12-25,2675.3,2686.9,2639.6,2672.5,406107
2019-12-26,2674.6,2703.8,2667.9,2680.2,686770
2019-12-27,2680.1,2684.5,2654.3,2684.2,386205
2019-12-30,2666.5,2708.8,2643.6,2675.1,1087538
2019-12-31,2634.0,2645.7,2609.5,2642.2,694990
2020-01-01,2651.8,2683.7,2632.7,2645.6,1151724
2020-01-02,2605.0,2625.4,2603.0,2614.6,927950
2020-01-03,2573.9,2596.2,2536.8,2567.5,891052
2020-01-06,2588.9,2585.7,2555.1,2579.9,659753
2020-01-07,2631.4,2642.9,2630.1,2633.2,1437653
2020-01-08,2586.7,2620.0,2559.1,2586.9,793013
2020-01-09,2569.6,2582.5,2534.9,2559.8,876221
2020-01-10,2523.7,2538.2,2506.1,2531.0,319144
2020-01-13,2537.3,2554.0,2507.2,2529.8,1116398
2020-01-14,2559.1,2559.5,2537.7,2558.0,922590
2020-01-15,2515.9,2523.1,2519.1,2522.9,1186651
2020-01-16,2512.7,2517.9,2505.2,2507.5,959658
2020-01-17,2444.7,2449.2,2411.0,2438.9,630871
2020-01-20,2449.0,2475.2,2423.7,2453.3,1443206
2020-01-21,2481.3,2501.6,2468.6,2483.4,988972
2020-01-22,2477.7,2508.5,2452.4,2473.1,1364448
2020-01-23,2431.7,2433.4,2427.4,2432.7,842709
2020-01-24,2513.1,2527.5,2507.2,2507.5,783116
2020-01-27,2483.8,2504.7,2478.4,2478.5,607993
2020-01-28,2549.2,2565.0,2520.0,2551.6,417228
2020-01-29,2527.7,2554.4,2522.3,2527.7,1154931
2020-01-30,2592.4,2588.7,2561.6,2587.2,1163719
2020-01-31,2592.9,2597.2,2559.7,2584.3,1036857
2020-02-03,2591.1,2606.0,2558.7,2592.0,1281179
2020-02-04,2606.1,2601.6,2581.5,2597.8,1009594
2020-02-05,2577.1,2593.1,2545.8,2576.0,1265956
2020-02-06,2567.4,2580.9,2538.2,2562.4,822199
2020-02-07,2608.1,2638.1,2600.8,2603.3,352857
2020-02-10,2634.2,2639.2,2600.8,2627.5,1160449
2020-02-11,2574.3,2575.9,2560.5,2568.0,1271721
2020-02-12,2525.3,2558.1,2510.3,2533.7,1124301
2020-02-13,2551.5,2564.8,2550.0,2559.0,591096
2020-02-14,2576.1,2602.5,2545.1,2573.7,1120598
2020-02-17,2509.6,2508.4,2484.3,2507.2,1080269
2020-02-18,2550.5,2560.2,2531.8,2550.2,952249
2020-02-19,2552.3,2552.6,2542.0,2551.6,1220919
2020-02-20,2306.1,2326.1,2266.1,2298.3,1185151
2020-02-21,2222.0,2225.2,2207.8,2225.0,1299616
2020-02-24,2211.8,2245.2,2195.4,2218.3,574089
2020-02-25,2172.9,2181.0,2142.4,2164.4,1012441
2020-02-26,2026.8,2050.2,1999.5,2023.0,628878
2020-02-27,1998.8,2017.6,1966.2,1993.7,1012952
2020-02-28,1938.0,1951.1,1912.6,1937.6,1101982
2020-03-02,2118.2,2122.3,2112.9,2116.7,734776
2020-03-03,2081.8,2085.1,2079.8,2080.2,478872
2020-03-04,2089.7,2121.0,2064.5,2091.3,720042
2020-03-05,1971.3,1978.1,1947.4,1968.7,1452364
2020-03-06,1978.8,1995.3,1960.7,1972.9,1184942
2020-03-09,2042.8,2060.2,2009.1,2037.7,1262199
2020-03-10,1921.1,1929.7,1903.3,1924.7,853636
2020-03-11,1987.4,1985.6,1970.8,1980.2,1081097
2020-03-12,1999.1,2015.7,1975.2,1993.8,391772
2020-03-13,2180.3,2194.1,2174.3,2174.7,528557
2020-03-16,1964.5,1988.5,1949.6,1964.8,670871
2020-03-17,1890.6,1919.2,1877.2,1893.2,1293630
2020-03-18,1788.3,1790.3,1766.9,1789.4,794813
2020-03-19,1689.1,1711.7,1667.8,1689.2,947934
2020-03-20,1559.4,1563.4,1543.9,1558.6,1119684
2020-03-23,1630.9,1641.6,1630.4,1632.7,330151
2020-03-24,1601.8,1617.9,1579.6,1599.8,1198237
2020-03-25,1642.2,1663.7,1630.6,1641.3,1383260
2020-03-26,1570.6,1576.9,1550.6,1569.4,880210
2020-03-27,1598.3,1617.3,1587.2,1598.1,1425748
2020-03-30,1626.9,1653.9,1618.1,1629.8,1099748
2020-03-31,1619.1,1637.6,1604.5,1622.9,938067
2020-04-01,1643.5,1643.6,1622.4,1637.7,1181195
2020-04-02,1606.7,1608.2,1594.8,1608.1,1445561
2020-04-03,1797.2,1807.9,1764.5,1790.3,594485
2020-04-06,1815.3,1833.0,1798.5,1816.1,379143
2020-04-07,1803.2,1826.9,1777.2,1803.2,1391399
2020-04-08,1734.1,1761.6,1727.8,1740.2,894942
2020-04-09,1702.3,1718.0,1683.2,1706.1,653930
2020-04-10,1822.2,1842.4,1816.5,1816.6,934191
2020-04-13,2017.5,2036.5,2012.3,2017.4,986003
2020-04-14,1993.8,2004.5,1976.1,1994.1,504605
2020-04-15,1950.1,1975.6,1944.6,1949.7,1379814
2020-04-16,1935.3,1941.4,1928.8,1937.7,464481
2020-04-17,2088.4,2087.8,2077.6,2081.5,688015
2020-04-20,2209.2,2223.1,2169.0,2201.9,1190791
2020-04-21,2150.6,2158.3,2131.0,2151.9,633023
2020-04-22,2299.0,2330.9,2282.2,2297.1,1412509
2020-04-23,2256.0,2271.9,2256.2,2258.4,384676
2020-04-24,2593.6,2594.9,2587.0,2593.5,1390418
2020-04-27,2642.4,2657.8,2608.1,2633.1,1437505
2020-04-28,2625.2,2668.9,2599.8,2631.5,524654
2020-04-29,2285.8,2284.1,2274.4,2282.5,1018867
2020-04-30,2265.3,2291.9,2256.4,2259.6,1371238
2020-05-01,2277.0,2291.8,2267.6,2275.1,559177
2020-05-04,2332.9,2370.1,2307.3,2336.6,1148833
2020-05-05,2325.1,2350.6,2304.5,2317.8,855515
2020-05-06,2359.7,2371.8,2338.5,2359.6,1316995
2020-05-07,2315.2,2339.9,2310.0,2323.6,1459827
2020-05-08,2278.8,2306.2,2252.6,2276.4,1307155
2020-05-11,2316.8,2339.1,2308.7,2308.8,522999
2020-05-12,2302.2,2333.6,2276.5,2311.1,387582
2020-05-13,2338.2,2375.4,2310.2,2344.0,1226026
2020-05-14,2388.6,2407.6,2375.3,2389.5,743583
2020-05-15,2412.0,2431.8,2390.2,2406.0,1229556
2020-05-18,2384.3,2399.0,2382.9,2386.9,354192
2020-05-19,2402.8,2398.0,2382.3,2393.9,673030
2020-05-20,2392.4,2395.8,2384.2,2389.8,546584
2020-05-21,2409.6,2432.6,2383.5,2412.7,954689
2020-05-22,2460.4,2452.0,2432.0,2451.7,609482
2020-05-25,2463.9,2496.7,2462.0,2462.6,423689
2020-05-26,2465.7,2490.8,2456.0,2460.6,1346790
2020-05-27,2492.9,2527.2,2467.5,2493.3,615571
2020-05-28,2581.0,2584.1,2572.0,2581.6,1352722
2020-05-29,2608.5,2613.7,2608.4,2611.9,962350
2020-06-01,2592.4,2625.8,2581.6,2596.7,1289651
2020-06-02,2576.6,2582.9,2556.0,2582.4,1008452
2020-06-03,2646.8,2674.3,2616.6,2638.5,549957
2020-06-04,2646.9,2681.7,2642.1,2653.5,663768
2020-06-05,2695.9,2722.4,2676.9,2688.5,983094
2020-06-08,2691.4,2707.4,2673.0,2701.7,1325065
2020-06-09,2690.7,2722.1,2680.5,2692.1,1469159
2020-06-10,2689.8,2698.4,2687.1,2689.0,1397007
2020-06-11,2673.5,2690.1,2671.7,2674.8,1020177
2020-06-12,2781.7,2816.2,2766.2,2774.9,444034
2020-06-15,2796.5,2832.0,2776.5,2792.1,790385
2020-06-16,2835.4,2858.0,2813.5,2827.4,1304350
2020-06-17,2861.8,2871.6,2815.6,2852.4,476745
2020-06-18,2933.1,2939.4,2928.3,2932.1,997277
2020-06-19,3016.4,3053.4,2978.9,3009.8,490935
2020-06-22,2984.2,3013.1,2968.2,2977.3,1155205
2020-06-23,3112.1,3156.2,3076.5,3116.0,1184089
2020-06-24,3142.4,3177.4,3122.6,3145.8,611416
2020-06-25,3134.8,3170.8,3125.7,3135.6,305505
2020-06-26,3165.3,3177.6,3142.2,3157.5,1475008
2020-06-29,3182.6,3214.1,3137.6,3182.7,976600
2020-06-30,3168.5,3198.8,3154.6,3173.9,324180
2020-07-01,3229.9,3269.3,3202.1,3227.8,761344
2020-07-02,3215.2,3252.5,3210.1,3217.0,1249133
2020-07-03,3188.3,3199.9,3159.1,3190.2,1114426
2020-07-06,3214.5,3234.7,3213.3,3216.3,1375815
2020-07-07,3162.0,3169.6,3139.1,3169.0,1188412
2020-07-08,3257.3,3292.5,3244.2,3244.4,601796
2020-07-09,3181.5,3230.1,3181.4,3192.5,1481128
2020-07-10,3202.7,3205.8,3186.3,3193.3,1175484
2020-07-13,3314.2,3335.6,3272.9,3321.4,1104536
2020-07-14,3319.6,3359.4,3282.5,3331.7,1449963
2020-07-15,3331.1,3361.3,3307.2,3319.9,356337
2020-07-16,3361.2,3363.4,3306.3,3348.5,442681
2020-07-17,3383.5,3421.3,3331.8,3380.8,1375564
2020-07-20,3437.4,3495.2,3414.6,3445.5,1332255
2020-07-21,3487.1,3513.1,3457.6,3479.1,1163407
2020-07-22,3596.7,3631.6,3564.5,3599.4,1123631
2020-07-23,3666.8,3682.3,3644.1,3680.2,350522
2020-07-24,3705.7,3701.1,3684.4,3700.4,812854
2020-07-27,3787.0,3828.1,3747.7,3784.7,992077
2020-07-28,3774.1,3778.0,3768.3,3771.7,1082700
2020-07-29,3770.4,3807.5,3724.8,3769.0,571775
2020-07-30,3806.4,3868.3,3770.5,3813.1,460411
2020-07-31,3797.6,3852.0,3771.7,3808.0,496122
2020-08-03,3941.1,3969.6,3931.6,3933.0,1168798
2020-08-04,3850.2,3866.2,3856.5,3865.2,860174
2020-08-05,3920.5,3981.1,3934.4,3935.6,601948
2020-08-06,3970.1,4023.6,3945.9,3975.7,366014
2020-08-07,4027.2,4066.2,4009.1,4022.0,656789
2020-08-10,4022.6,4095.0,4021.6,4038.7,1375221
2020-08-11,3978.5,4007.7,3957.3,3985.0,1451771
2020-08-12,3867.0,3890.4,3805.8,3859.9,1176571
2020-08-13,3887.8,3939.3,3874.9,3882.1,1463896
2020-08-14,3902.0,3927.8,3879.2,3903.2,1250220
2020-08-17,3968.6,3971.8,3937.6,3965.9,1215370
2020-08-18,4046.7,4074.2,3996.6,4030.8,609623
2020-08-19,4049.5,4104.1,3986.0,4045.5,741104
2020-08-20,4193.2,4235.1,4142.0,4190.2,802436
2020-08-21,4173.2,4166.7,4160.7,4164.8,568329
2020-08-24,4129.4,4143.5,4079.2,4120.4,1251659
2020-08-25,4107.9,4158.3,4095.4,4123.3,639571
2020-08-26,4207.8,4258.7,4188.0,4200.3,1118250
2020-08-27,4313.9,4335.8,4285.8,4300.1,310231
2020-08-28,4382.8,4394.5,4355.7,4366.3,1366489
2020-08-31,4352.3,4381.0,4356.0,4367.3,452031
2020-09-01,4372.1,4397.7,4375.1,4379.3,1013315
2020-09-02,4414.3,4463.1,4398.1,4405.0,593564
2020-09-03,4515.3,4498.9,4433.7,4498.3,1042900
2020-09-04,4490.1,4487.3,4466.8,4474.0,1129203
2020-09-07,4488.9,4536.3,4441.9,4476.1,967712
2020-09-08,4560.2,4598.5,4550.4,4552.8,527626
2020-09-09,4505.5,4505.1,4451.2,4490.3,917308
2020-09-10,4578.4,4570.0,4515.4,4561.5,571194
2020-09-11,4547.4,4569.3,4493.4,4559.6,836110
2020-09-14,4593.1,4651.7,4581.3,4602.9,557436
2020-09-15,4717.9,4772.8,4723.1,4732.2,671419
2020-09-16,4765.7,4806.0,4730.9,4783.6,1293907
2020-09-17,4625.0,4669.3,4628.6,4631.6,932915
2020-09-18,4698.9,4758.7,4654.1,4713.0,417635
2020-09-21,4724.1,4789.3,4688.6,4726.4,904883
2020-09-22,4876.6,4888.4,4836.6,4863.2,470448
2020-09-23,4867.0,4867.1,4799.1,4848.1,492433
2020-09-24,4917.6,4994.5,4895.5,4934.9,1061394
2020-09-25,4952.7,5002.2,4930.5,4940.7,1182950
2020-09-28,4970.8,5017.5,4935.7,4968.9,747531
2020-09-29,4975.7,4979.2,4924.0,4969.5,704024
2020-09-30,5069.1,5056.9,5007.0,5054.1,964321
2020-10-01,5259.3,5323.9,5202.4,5248.6,1459127
2020-10-02,5330.1,5363.4,5345.6,5351.3,1036885
2020-10-05,5464.5,5464.0,5425.6,5443.5,322257
2020-10-06,5455.5,5517.8,5409.7,5463.8,1203367
2020-10-07,5508.5,5557.3,5525.5,5527.4,872835
2020-10-08,5651.5,5727.7,5582.0,5646.7,881659
2020-10-09,5532.9,5560.4,5498.7,5547.2,652068
2020-10-12,5625.0,5665.7,5593.3,5629.0,1310732
2020-10-13,5699.0,5775.5,5650.4,5702.2,1122063
2020-10-14,5725.2,5731.3,5674.8,5717.8,397830
2020-10-15,5598.4,5645.1,5521.8,5599.3,708914
2020-10-16,5672.1,5730.7,5626.7,5676.4,302771
2020-10-19,5776.4,5857.1,5763.7,5792.4,1211027
2020-10-20,5793.1,5856.4,5751.5,5800.6,590608
2020-10-21,5797.7,5837.8,5761.4,5790.1,553931
2020-10-22,5795.4,5824.2,5791.3,5810.3,483901
2020-10-23,5948.4,5981.7,5955.1,5971.1,372823
2020-10-26,6098.9,6115.3,6098.3,6115.0,445843
2020-10-27,6237.5,6287.1,6154.9,6231.1,804093
2020-10-28,6029.4,6100.0,6027.7,6037.9,825505
2020-10-29,6048.1,6134.6,6015.4,6066.2,767088
2020-10-30,6087.9,6151.9,6106.3,6106.7,396431
2020-11-02,6013.7,6111.3,5976.3,6035.8,717360
2020-11-03,5908.5,5980.9,5818.9,5897.3,319844
2020-11-04,5977.2,6011.7,5956.5,5963.0,352649
2020-11-05,5951.0,5969.4,5930.8,5965.5,1363719
2020-11-06,5979.4,6006.9,5993.2,6000.5,852844
2020-11-09,5990.3,5977.3,5894.1,5977.1,508955
2020-11-10,5987.2,6029.4,5929.2,5982.3,1135188
2020-11-11,5807.5,5829.1,5757.5,5798.3,573913
2020-11-12,5834.9,5884.8,5833.7,5854.6,705959
2020-11-13,5969.6,6002.6,5934.3,5946.4,1188563
2020-11-16,5868.5,5910.2,5816.0,5873.5,389892
2020-11-17,5945.4,5928.9,5918.1,5926.1,949485
2020-11-18,5858.9,5855.3,5810.9,5854.6,918578
2020-11-19,5817.7,5886.7,5778.9,5822.6,1286987
2020-11-20,5785.5,5856.0,5776.4,5788.9,859109
2020-11-23,5746.3,5818.2,5705.5,5748.7,475576
2020-11-24,5815.6,5870.5,5830.7,5836.0,464192
2020-11-25,5800.1,5880.7,5768.1,5807.2,1319044
2020-11-26,5777.0,5833.3,5746.7,5775.5,325011
2020-11-27,5687.4,5771.9,5626.8,5703.2,1141405
2020-11-30,5749.5,5734.4,5656.1,5730.9,808063
2020-12-01,5853.9,5892.0,5829.4,5834.0,1414955
2020-12-02,5929.9,6021.5,5920.1,5936.7,1357241
2020-12-03,6056.0,6134.3,5988.0,6055.6,1456675
2020-12-04,6050.3,6093.6,5973.0,6050.6,1442383
2020-12-07,5888.2,5928.7,5866.8,5868.1,924255
2020-12-08,5788.5,5786.9,5779.5,5780.2,435576
2020-12-09,5759.3,5835.5,5668.5,5751.7,1342977
2020-12-10,5901.1,5963.2,5871.8,5913.1,1196427
2020-12-11,5730.4,5811.3,5693.5,5734.9,794696
2020-12-14,5784.9,5813.2,5739.0,5773.0,847581
2020-12-15,5744.7,5779.2,5646.8,5721.9,1400199
2020-12-16,5744.5,5769.1,5685.5,5731.9,521714
2020-12-17,5704.3,5730.4,5636.2,5693.1,326153
2020-12-18,5747.9,5775.2,5693.7,5735.8,1361266
2020-12-21,5817.0,5882.7,5743.7,5829.1,1347931
2020-12-22,5832.0,5932.4,5810.5,5851.0,1152158
2020-12-23,5877.9,5930.7,5859.0,5884.5,1499532
2020-12-24,5811.0,5893.9,5771.2,5821.5,1472740
2020-12-25,5804.7,5832.6,5771.7,5819.5,1241871
2020-12-28,5982.4,6023.3,5905.4,5963.9,739228
2020-12-29,5991.2,5991.5,5899.1,5972.7,480675
2020-12-30,6085.1,6145.6,5982.7,6068.9,428870
2020-12-31,6241.6,6309.7,6216.4,6220.7,665233